run_id,source,name,url,status,file,sha256,timestamp_utc
20260425T055053Z,rcsb,rcsb_tubulin_search,https://search.rcsb.org/rcsbsearch/v2/query?json=%7B%22query%22%3A%7B%22type%22%3A%22group%22%2C%22logical_operator%22%3A%22and%22%2C%22nodes%22%3A%5B%7B%22type%22%3A%22terminal%22%2C%22service%22%3A%22text%22%2C%22parameters%22%3A%7B%22attribute%22%3A%22struct.title%22%2C%22operator%22%3A%22contains_phrase%22%2C%22value%22%3A%22tubulin%22%7D%7D%5D%7D%2C%22return_type%22%3A%22entry%22%2C%22request_options%22%3A%7B%22paginate%22%3A%7B%22start%22%3A0%2C%22rows%22%3A25%7D%7D%7D,ok,data\raw\public_api\20260425T055053Z\rcsb_tubulin_search.json,16a05de42619a723a7c95fdde28b91dc1ae30f092904178f4d6668ac760ee4ae,20260425T055053Z
20260425T055053Z,openalex,openalex_microtubule_quantum,https://api.openalex.org/works?search=microtubule%20spectroscopy%20quantum&per-page=25,ok,data\raw\public_api\20260425T055053Z\openalex_microtubule_quantum.json,694316fba003fa731234cc0a971a420637159dc187bfe292390d068e5f0d80c4,20260425T055053Z
20260425T055053Z,crossref,crossref_microtubule_spectroscopy,https://api.crossref.org/works?query=microtubule%20spectroscopy&rows=25,ok,data\raw\public_api\20260425T055053Z\crossref_microtubule_spectroscopy.json,34c8e1fc86ce4952959122e61f56804b04bb82140a6a937a666610bdbdbced29,20260425T055053Z
20260425T055703Z,rcsb,rcsb_tubulin_search,https://search.rcsb.org/rcsbsearch/v2/query?json=%7B%22query%22%3A%7B%22type%22%3A%22group%22%2C%22logical_operator%22%3A%22and%22%2C%22nodes%22%3A%5B%7B%22type%22%3A%22terminal%22%2C%22service%22%3A%22text%22%2C%22parameters%22%3A%7B%22attribute%22%3A%22struct.title%22%2C%22operator%22%3A%22contains_phrase%22%2C%22value%22%3A%22tubulin%22%7D%7D%5D%7D%2C%22return_type%22%3A%22entry%22%2C%22request_options%22%3A%7B%22paginate%22%3A%7B%22start%22%3A0%2C%22rows%22%3A50%7D%7D%7D,ok,data\raw\public_api\20260425T055703Z\rcsb_tubulin_search.json,a177dffd2419640aa92fdc972badedc96692b51d5622691273278e6b2f03fe53,20260425T055703Z
20260425T055703Z,openalex,openalex_microtubule_quantum,https://api.openalex.org/works?search=microtubule%20spectroscopy%20quantum&per-page=50,ok,data\raw\public_api\20260425T055703Z\openalex_microtubule_quantum.json,8ccf2b7dba5906b556dbecc2784289fd99cdaebfe1734ba4f974df2d9dc814fb,20260425T055703Z
20260425T055703Z,crossref,crossref_microtubule_spectroscopy,https://api.crossref.org/works?query=microtubule%20spectroscopy&rows=50,ok,data\raw\public_api\20260425T055703Z\crossref_microtubule_spectroscopy.json,565b3a6680611db191f033969a5235181877e0cbb7f3e47a7683491f0ced5d04,20260425T055703Z
20260425T082609Z,rcsb,rcsb_tubulin_search,https://search.rcsb.org/rcsbsearch/v2/query?json=%7B%22query%22%3A%7B%22type%22%3A%22group%22%2C%22logical_operator%22%3A%22and%22%2C%22nodes%22%3A%5B%7B%22type%22%3A%22terminal%22%2C%22service%22%3A%22text%22%2C%22parameters%22%3A%7B%22attribute%22%3A%22struct.title%22%2C%22operator%22%3A%22contains_phrase%22%2C%22value%22%3A%22tubulin%22%7D%7D%5D%7D%2C%22return_type%22%3A%22entry%22%2C%22request_options%22%3A%7B%22paginate%22%3A%7B%22start%22%3A0%2C%22rows%22%3A30%7D%7D%7D,ok,data\raw\public_api\20260425T082609Z\rcsb_tubulin_search.json,6f2fa1d5a330a26d65920f8116b557b8f4ddcfcaf6fe7b99ebe2d02ca1d62741,20260425T082609Z
20260425T082609Z,openalex,openalex_microtubule_quantum,https://api.openalex.org/works?search=microtubule%20spectroscopy%20quantum&per-page=30,ok,data\raw\public_api\20260425T082609Z\openalex_microtubule_quantum.json,dbf8a402cff048b8f3c84e2b15a4bc84d86d8ee58f89a5b6a53c510668ec1568,20260425T082609Z
20260425T082609Z,crossref,crossref_microtubule_spectroscopy,https://api.crossref.org/works?query=microtubule%20spectroscopy&rows=30,ok,data\raw\public_api\20260425T082609Z\crossref_microtubule_spectroscopy.json,78aa95c21b93acd62ded22cb29c1592550f5c93add0cdc47a123d6c6961f17e6,20260425T082609Z
20260425T082609Z,europepmc,europepmc_microtubule_spectroscopy,https://www.ebi.ac.uk/europepmc/webservices/rest/search?query=%28%22microtubule%22%20OR%20%22tubulin%22%29%20AND%20%28%22spectroscopy%22%20OR%20%222D-IR%22%20OR%20%22THz%22%20OR%20%22fluorescence%22%29&pageSize=30&format=json,ok,data\raw\public_api\20260425T082609Z\europepmc_microtubule_spectroscopy.json,82029bbcb2046697ab8baa3e3875184833c1295c2a54ada3cd84d7c208d6ea2f,20260425T082609Z
20260425T082609Z,pubchem,pubchem_compound_6167_pugview,https://pubchem.ncbi.nlm.nih.gov/rest/pug_view/data/compound/6167/JSON,ok,data\raw\public_api\20260425T082609Z\pubchem_compound_6167_pugview.json,5a170e7d3c616457a550f16fc7a2d11ef4032fe9398d32e9583ae792c77420f6,20260425T082609Z
20260425T082609Z,pubchem,pubchem_compound_36314_pugview,https://pubchem.ncbi.nlm.nih.gov/rest/pug_view/data/compound/36314/JSON,ok,data\raw\public_api\20260425T082609Z\pubchem_compound_36314_pugview.json,18bec4bd4872e57ffb5c3b8e596477ccbaa7735fe90fbf7ca52ddd3bd7af36d4,20260425T082609Z
20260425T082609Z,pubchem,pubchem_compound_5344_pugview,https://pubchem.ncbi.nlm.nih.gov/rest/pug_view/data/compound/5344/JSON,ok,data\raw\public_api\20260425T082609Z\pubchem_compound_5344_pugview.json,a573629f6144234c1c0111d5fb6fe58d25c94ca17e99a7733350c23d7102e34f,20260425T082609Z
20260425T082609Z,rcsb,rcsb_tubulin_core_entries,https://data.rcsb.org/rest/v1/core/entry/{entry_id},ok,data\raw\public_api\20260425T082609Z\rcsb_tubulin_core_entries.json,d4b81cbd7c711cd6a80a5eba863ff0e2b8c0036f0e9ed530e6ef26861decc9f7,20260425T082609Z
20260425T091809Z,rcsb,rcsb_tubulin_search,https://search.rcsb.org/rcsbsearch/v2/query?json=%7B%22query%22%3A%7B%22type%22%3A%22group%22%2C%22logical_operator%22%3A%22and%22%2C%22nodes%22%3A%5B%7B%22type%22%3A%22terminal%22%2C%22service%22%3A%22text%22%2C%22parameters%22%3A%7B%22attribute%22%3A%22struct.title%22%2C%22operator%22%3A%22contains_phrase%22%2C%22value%22%3A%22tubulin%22%7D%7D%5D%7D%2C%22return_type%22%3A%22entry%22%2C%22request_options%22%3A%7B%22paginate%22%3A%7B%22start%22%3A0%2C%22rows%22%3A1000%7D%7D%7D,ok,data\raw\public_api\20260425T091809Z\rcsb_tubulin_search.json,2417b67009f84b81fad3431d7573a8e151523a4cb9f7a53a40a9c63164c6acfd,20260425T091809Z
20260425T091809Z,openalex,openalex_microtubule_quantum,https://api.openalex.org/works?search=microtubule%20spectroscopy%20quantum&per-page=1000,error,,,20260425T091809Z
20260425T091809Z,crossref,crossref_microtubule_spectroscopy,https://api.crossref.org/works?query=microtubule%20spectroscopy&rows=1000,ok,data\raw\public_api\20260425T091809Z\crossref_microtubule_spectroscopy.json,f4b269f9219b0662cd0afe9d3e48644115dd796ff3d71806c38769a4b689cc09,20260425T091809Z
20260425T091809Z,europepmc,europepmc_microtubule_spectroscopy,https://www.ebi.ac.uk/europepmc/webservices/rest/search?query=%28%22microtubule%22%20OR%20%22tubulin%22%29%20AND%20%28%22spectroscopy%22%20OR%20%222D-IR%22%20OR%20%22THz%22%20OR%20%22fluorescence%22%29&pageSize=1000&format=json,ok,data\raw\public_api\20260425T091809Z\europepmc_microtubule_spectroscopy.json,30a9a1f272d7b9007fd367db0c8cf168063536f4a3ad25a7f22e6f8d3b1ac5eb,20260425T091809Z
20260425T091809Z,pubchem,pubchem_compound_6167_pugview,https://pubchem.ncbi.nlm.nih.gov/rest/pug_view/data/compound/6167/JSON,ok,data\raw\public_api\20260425T091809Z\pubchem_compound_6167_pugview.json,5a170e7d3c616457a550f16fc7a2d11ef4032fe9398d32e9583ae792c77420f6,20260425T091809Z
20260425T091809Z,pubchem,pubchem_compound_36314_pugview,https://pubchem.ncbi.nlm.nih.gov/rest/pug_view/data/compound/36314/JSON,ok,data\raw\public_api\20260425T091809Z\pubchem_compound_36314_pugview.json,18bec4bd4872e57ffb5c3b8e596477ccbaa7735fe90fbf7ca52ddd3bd7af36d4,20260425T091809Z
20260425T091809Z,pubchem,pubchem_compound_5344_pugview,https://pubchem.ncbi.nlm.nih.gov/rest/pug_view/data/compound/5344/JSON,ok,data\raw\public_api\20260425T091809Z\pubchem_compound_5344_pugview.json,a573629f6144234c1c0111d5fb6fe58d25c94ca17e99a7733350c23d7102e34f,20260425T091809Z
20260425T091809Z,rcsb,rcsb_tubulin_core_entries,https://data.rcsb.org/rest/v1/core/entry/{entry_id},ok,data\raw\public_api\20260425T091809Z\rcsb_tubulin_core_entries.json,d4d1303542e7b83c90b48fc081bd774faa32ab2d49e00c7e940b4cf9196ce025,20260425T091809Z
20260425T093030Z,rcsb,rcsb_tubulin_search,https://search.rcsb.org/rcsbsearch/v2/query?json=%7B%22query%22%3A%7B%22type%22%3A%22group%22%2C%22logical_operator%22%3A%22and%22%2C%22nodes%22%3A%5B%7B%22type%22%3A%22terminal%22%2C%22service%22%3A%22text%22%2C%22parameters%22%3A%7B%22attribute%22%3A%22struct.title%22%2C%22operator%22%3A%22contains_phrase%22%2C%22value%22%3A%22tubulin%22%7D%7D%5D%7D%2C%22return_type%22%3A%22entry%22%2C%22request_options%22%3A%7B%22paginate%22%3A%7B%22start%22%3A0%2C%22rows%22%3A1000%7D%7D%7D,ok,data\raw\public_api\20260425T093030Z\rcsb_tubulin_search.json,acce6717e060f2abcda5e43063dc0b3a3a684a112af6c5213cdf5bd54897dfb5,20260425T093030Z
20260425T093030Z,openalex,openalex_microtubule_quantum,https://api.openalex.org/works?search=microtubule%20spectroscopy%20quantum&per-page=1000,error,,,20260425T093030Z
20260425T093030Z,crossref,crossref_microtubule_spectroscopy,https://api.crossref.org/works?query=microtubule%20spectroscopy&rows=1000,ok,data\raw\public_api\20260425T093030Z\crossref_microtubule_spectroscopy.json,2f9ae87c46abedd332c70d5130cab5b89530228c3304cea7f9a9ed358e97144a,20260425T093030Z
20260425T093030Z,europepmc,europepmc_microtubule_spectroscopy,https://www.ebi.ac.uk/europepmc/webservices/rest/search?query=%28%22microtubule%22%20OR%20%22tubulin%22%29%20AND%20%28%22spectroscopy%22%20OR%20%222D-IR%22%20OR%20%22THz%22%20OR%20%22fluorescence%22%29&pageSize=1000&format=json,ok,data\raw\public_api\20260425T093030Z\europepmc_microtubule_spectroscopy.json,ccea67f64a6a2e175b55d75ff4ee9adf272cf1b3684062818424deedaf470986,20260425T093030Z
20260425T093030Z,pubchem,pubchem_compound_6167_pugview,https://pubchem.ncbi.nlm.nih.gov/rest/pug_view/data/compound/6167/JSON,ok,data\raw\public_api\20260425T093030Z\pubchem_compound_6167_pugview.json,5a170e7d3c616457a550f16fc7a2d11ef4032fe9398d32e9583ae792c77420f6,20260425T093030Z
20260425T093030Z,pubchem,pubchem_compound_36314_pugview,https://pubchem.ncbi.nlm.nih.gov/rest/pug_view/data/compound/36314/JSON,ok,data\raw\public_api\20260425T093030Z\pubchem_compound_36314_pugview.json,18bec4bd4872e57ffb5c3b8e596477ccbaa7735fe90fbf7ca52ddd3bd7af36d4,20260425T093030Z
20260425T093030Z,pubchem,pubchem_compound_5344_pugview,https://pubchem.ncbi.nlm.nih.gov/rest/pug_view/data/compound/5344/JSON,ok,data\raw\public_api\20260425T093030Z\pubchem_compound_5344_pugview.json,a573629f6144234c1c0111d5fb6fe58d25c94ca17e99a7733350c23d7102e34f,20260425T093030Z
20260425T093030Z,rcsb,rcsb_tubulin_core_entries,https://data.rcsb.org/rest/v1/core/entry/{entry_id},ok,data\raw\public_api\20260425T093030Z\rcsb_tubulin_core_entries.json,1ee70d20b5fd4771e99635655e05e7d503f5cf23d32f19a0db272c5dcc041ca9,20260425T093030Z
20260425T093208Z,rcsb,rcsb_tubulin_search,https://search.rcsb.org/rcsbsearch/v2/query?json=%7B%22query%22%3A%7B%22type%22%3A%22group%22%2C%22logical_operator%22%3A%22and%22%2C%22nodes%22%3A%5B%7B%22type%22%3A%22terminal%22%2C%22service%22%3A%22text%22%2C%22parameters%22%3A%7B%22attribute%22%3A%22struct.title%22%2C%22operator%22%3A%22contains_phrase%22%2C%22value%22%3A%22tubulin%22%7D%7D%5D%7D%2C%22return_type%22%3A%22entry%22%2C%22request_options%22%3A%7B%22paginate%22%3A%7B%22start%22%3A0%2C%22rows%22%3A1000%7D%7D%7D,ok,data\raw\public_api\20260425T093208Z\rcsb_tubulin_search.json,e64f11b7b6f7289a6bd6cf168a674c5c24d3ddf339a4b41631e7dac3385edb70,20260425T093208Z
20260425T093208Z,openalex,openalex_microtubule_quantum,https://api.openalex.org/works?search=microtubule%20spectroscopy%20quantum&per-page=1000,error,,,20260425T093208Z
20260425T093208Z,crossref,crossref_microtubule_spectroscopy,https://api.crossref.org/works?query=microtubule%20spectroscopy&rows=1000,ok,data\raw\public_api\20260425T093208Z\crossref_microtubule_spectroscopy.json,e184ff9766ee2e7fbe4c45f32bac348e19b00146ad0a86be5fb980fc2e423ded,20260425T093208Z
20260425T093208Z,europepmc,europepmc_microtubule_spectroscopy,https://www.ebi.ac.uk/europepmc/webservices/rest/search?query=%28%22microtubule%22%20OR%20%22tubulin%22%29%20AND%20%28%22spectroscopy%22%20OR%20%222D-IR%22%20OR%20%22THz%22%20OR%20%22fluorescence%22%29&pageSize=1000&format=json,ok,data\raw\public_api\20260425T093208Z\europepmc_microtubule_spectroscopy.json,ccea67f64a6a2e175b55d75ff4ee9adf272cf1b3684062818424deedaf470986,20260425T093208Z
20260425T093208Z,pubchem,pubchem_compound_6167_pugview,https://pubchem.ncbi.nlm.nih.gov/rest/pug_view/data/compound/6167/JSON,ok,data\raw\public_api\20260425T093208Z\pubchem_compound_6167_pugview.json,5a170e7d3c616457a550f16fc7a2d11ef4032fe9398d32e9583ae792c77420f6,20260425T093208Z
20260425T093208Z,pubchem,pubchem_compound_36314_pugview,https://pubchem.ncbi.nlm.nih.gov/rest/pug_view/data/compound/36314/JSON,ok,data\raw\public_api\20260425T093208Z\pubchem_compound_36314_pugview.json,18bec4bd4872e57ffb5c3b8e596477ccbaa7735fe90fbf7ca52ddd3bd7af36d4,20260425T093208Z
20260425T093208Z,pubchem,pubchem_compound_5344_pugview,https://pubchem.ncbi.nlm.nih.gov/rest/pug_view/data/compound/5344/JSON,ok,data\raw\public_api\20260425T093208Z\pubchem_compound_5344_pugview.json,a573629f6144234c1c0111d5fb6fe58d25c94ca17e99a7733350c23d7102e34f,20260425T093208Z
20260425T093208Z,rcsb,rcsb_tubulin_core_entries,https://data.rcsb.org/rest/v1/core/entry/{entry_id},ok,data\raw\public_api\20260425T093208Z\rcsb_tubulin_core_entries.json,06396914b11360e496d0f804657089bc87294a71e0646756896099a816ede8ef,20260425T093208Z
20260425T101924Z,rcsb,rcsb_tubulin_search,https://search.rcsb.org/rcsbsearch/v2/query?json=%7B%22query%22%3A%7B%22type%22%3A%22group%22%2C%22logical_operator%22%3A%22and%22%2C%22nodes%22%3A%5B%7B%22type%22%3A%22terminal%22%2C%22service%22%3A%22text%22%2C%22parameters%22%3A%7B%22attribute%22%3A%22struct.title%22%2C%22operator%22%3A%22contains_phrase%22%2C%22value%22%3A%22tubulin%22%7D%7D%5D%7D%2C%22return_type%22%3A%22entry%22%2C%22request_options%22%3A%7B%22paginate%22%3A%7B%22start%22%3A0%2C%22rows%22%3A1000%7D%7D%7D,ok,data\raw\public_api\20260425T101924Z\rcsb_tubulin_search.json,6a8388e3787e52094fed4e019479357b293960ce21f03bc957d695b606ed5e1a,20260425T101924Z
20260425T101924Z,openalex,openalex_microtubule_quantum,https://api.openalex.org/works?search=microtubule%20spectroscopy%20quantum&per-page=1000,error,,,20260425T101924Z
20260425T101924Z,crossref,crossref_microtubule_spectroscopy,https://api.crossref.org/works?query=microtubule%20spectroscopy&rows=1000,ok,data\raw\public_api\20260425T101924Z\crossref_microtubule_spectroscopy.json,02a05ca939b67dae90f82acfc6553f18eafef828282c3ab3dae8fff50f4c1eef,20260425T101924Z
20260425T101924Z,europepmc,europepmc_microtubule_spectroscopy,https://www.ebi.ac.uk/europepmc/webservices/rest/search?query=%28%22microtubule%22%20OR%20%22tubulin%22%29%20AND%20%28%22spectroscopy%22%20OR%20%222D-IR%22%20OR%20%22THz%22%20OR%20%22fluorescence%22%29&pageSize=1000&format=json,ok,data\raw\public_api\20260425T101924Z\europepmc_microtubule_spectroscopy.json,b87d7596896ed8f5b56d46bb6fc8f9049c53baa478c36f7719d6c322393e8f47,20260425T101924Z
20260425T101924Z,pubchem,pubchem_compound_6167_pugview,https://pubchem.ncbi.nlm.nih.gov/rest/pug_view/data/compound/6167/JSON,ok,data\raw\public_api\20260425T101924Z\pubchem_compound_6167_pugview.json,5a170e7d3c616457a550f16fc7a2d11ef4032fe9398d32e9583ae792c77420f6,20260425T101924Z
20260425T101924Z,pubchem,pubchem_compound_36314_pugview,https://pubchem.ncbi.nlm.nih.gov/rest/pug_view/data/compound/36314/JSON,ok,data\raw\public_api\20260425T101924Z\pubchem_compound_36314_pugview.json,18bec4bd4872e57ffb5c3b8e596477ccbaa7735fe90fbf7ca52ddd3bd7af36d4,20260425T101924Z
20260425T101924Z,pubchem,pubchem_compound_5344_pugview,https://pubchem.ncbi.nlm.nih.gov/rest/pug_view/data/compound/5344/JSON,ok,data\raw\public_api\20260425T101924Z\pubchem_compound_5344_pugview.json,a573629f6144234c1c0111d5fb6fe58d25c94ca17e99a7733350c23d7102e34f,20260425T101924Z
20260425T101924Z,rcsb,rcsb_tubulin_core_entries,https://data.rcsb.org/rest/v1/core/entry/{entry_id},ok,data\raw\public_api\20260425T101924Z\rcsb_tubulin_core_entries.json,d220dcaff9fc9219c48937cee6bda6a7718192f355d2f9e657d6ce3176a315b2,20260425T101924Z
20260425T105112Z,openalex,openalex_microtubule_quantum,,ok,data\raw\public_api\20260425T105112Z\openalex_microtubule_quantum.json,d76daa08139e75bffe5628e7f9db5c23a219c4ba5b9467ff843d475c301bbd53,20260425T105112Z
20260425T105112Z,crossref,crossref_microtubule_spectroscopy,,ok,data\raw\public_api\20260425T105112Z\crossref_microtubule_spectroscopy.json,99f30267b79be8022f9f3bfaec6d9bbd3144d911d129529a4992e2261238e1df,20260425T105112Z
20260425T105112Z,europepmc,europepmc_microtubule_spectroscopy,,ok,data\raw\public_api\20260425T105112Z\europepmc_microtubule_spectroscopy.json,a154094c3cc45b59b097bf4161ad19a656b9be0c1d2c27cd8c4c20b3294428e8,20260425T105112Z
20260425T105112Z,rcsb,rcsb_tubulin_search,https://search.rcsb.org/rcsbsearch/v2/query?json=%7B%22query%22%3A%7B%22type%22%3A%22group%22%2C%22logical_operator%22%3A%22and%22%2C%22nodes%22%3A%5B%7B%22type%22%3A%22terminal%22%2C%22service%22%3A%22text%22%2C%22parameters%22%3A%7B%22attribute%22%3A%22struct.title%22%2C%22operator%22%3A%22contains_phrase%22%2C%22value%22%3A%22tubulin%22%7D%7D%5D%7D%2C%22return_type%22%3A%22entry%22%2C%22request_options%22%3A%7B%22paginate%22%3A%7B%22start%22%3A0%2C%22rows%22%3A1000%7D%7D%7D,ok,data\raw\public_api\20260425T105112Z\rcsb_tubulin_search.json,b79ed007f8984e25ff662debdcd453acc210db47bdbaeec58adea8257970ccf6,20260425T105112Z
20260425T105112Z,pubchem,pubchem_compound_6167_pugview,https://pubchem.ncbi.nlm.nih.gov/rest/pug_view/data/compound/6167/JSON,ok,data\raw\public_api\20260425T105112Z\pubchem_compound_6167_pugview.json,5a170e7d3c616457a550f16fc7a2d11ef4032fe9398d32e9583ae792c77420f6,20260425T105112Z
20260425T105112Z,pubchem,pubchem_compound_36314_pugview,https://pubchem.ncbi.nlm.nih.gov/rest/pug_view/data/compound/36314/JSON,ok,data\raw\public_api\20260425T105112Z\pubchem_compound_36314_pugview.json,18bec4bd4872e57ffb5c3b8e596477ccbaa7735fe90fbf7ca52ddd3bd7af36d4,20260425T105112Z
20260425T105112Z,pubchem,pubchem_compound_5344_pugview,https://pubchem.ncbi.nlm.nih.gov/rest/pug_view/data/compound/5344/JSON,ok,data\raw\public_api\20260425T105112Z\pubchem_compound_5344_pugview.json,a573629f6144234c1c0111d5fb6fe58d25c94ca17e99a7733350c23d7102e34f,20260425T105112Z
20260425T105112Z,rcsb,rcsb_tubulin_core_entries,https://data.rcsb.org/rest/v1/core/entry/{entry_id},ok,data\raw\public_api\20260425T105112Z\rcsb_tubulin_core_entries.json,40a152c5cdddb47f67bfd18cd89ff0a461385d5c45dbb85e32b11cffd73192ca,20260425T105112Z
20260425T110359Z,openalex,openalex_microtubule_quantum,,ok,data\raw\public_api\20260425T110359Z\openalex_microtubule_quantum.json,ef5e60f4c5e6a4d2d275031fa765f8702d9051c3da586ae67eabf881c7271b0e,20260425T110359Z
20260425T110359Z,crossref,crossref_microtubule_spectroscopy,,ok,data\raw\public_api\20260425T110359Z\crossref_microtubule_spectroscopy.json,ccff632bee9ec09cc4ac74dc326949d784c06a3587c2602de4889b467c467d40,20260425T110359Z
20260425T110359Z,europepmc,europepmc_microtubule_spectroscopy,,ok,data\raw\public_api\20260425T110359Z\europepmc_microtubule_spectroscopy.json,bfc261bd3840d8613a8f9cdf8e1193da76491830864c0577cacbef47113d101d,20260425T110359Z
20260425T110359Z,rcsb,rcsb_tubulin_search,https://search.rcsb.org/rcsbsearch/v2/query?json=%7B%22query%22%3A%7B%22type%22%3A%22group%22%2C%22logical_operator%22%3A%22and%22%2C%22nodes%22%3A%5B%7B%22type%22%3A%22terminal%22%2C%22service%22%3A%22text%22%2C%22parameters%22%3A%7B%22attribute%22%3A%22struct.title%22%2C%22operator%22%3A%22contains_phrase%22%2C%22value%22%3A%22tubulin%22%7D%7D%5D%7D%2C%22return_type%22%3A%22entry%22%2C%22request_options%22%3A%7B%22paginate%22%3A%7B%22start%22%3A0%2C%22rows%22%3A1000%7D%7D%7D,ok,data\raw\public_api\20260425T110359Z\rcsb_tubulin_search.json,481a6a6edc9ea3ec80036ecd37bfc09b64a17601961d7d2e2c9acb97726aba8a,20260425T110359Z
20260425T110359Z,pubchem,pubchem_compound_6167_pugview,https://pubchem.ncbi.nlm.nih.gov/rest/pug_view/data/compound/6167/JSON,ok,data\raw\public_api\20260425T110359Z\pubchem_compound_6167_pugview.json,5a170e7d3c616457a550f16fc7a2d11ef4032fe9398d32e9583ae792c77420f6,20260425T110359Z
20260425T110359Z,pubchem,pubchem_compound_36314_pugview,https://pubchem.ncbi.nlm.nih.gov/rest/pug_view/data/compound/36314/JSON,ok,data\raw\public_api\20260425T110359Z\pubchem_compound_36314_pugview.json,18bec4bd4872e57ffb5c3b8e596477ccbaa7735fe90fbf7ca52ddd3bd7af36d4,20260425T110359Z
20260425T110359Z,pubchem,pubchem_compound_5344_pugview,https://pubchem.ncbi.nlm.nih.gov/rest/pug_view/data/compound/5344/JSON,ok,data\raw\public_api\20260425T110359Z\pubchem_compound_5344_pugview.json,a573629f6144234c1c0111d5fb6fe58d25c94ca17e99a7733350c23d7102e34f,20260425T110359Z
20260425T110359Z,rcsb,rcsb_tubulin_core_entries,https://data.rcsb.org/rest/v1/core/entry/{entry_id},ok,data\raw\public_api\20260425T110359Z\rcsb_tubulin_core_entries.json,be927a9ab2aced88d24b3301e7ee41ed0f16bddbe1030bb6e9eaffb3a7e24d80,20260425T110359Z
20260425T111325Z,literature,paginated_fetch,,error,,,20260425T111325Z
20260425T111325Z,rcsb,rcsb_tubulin_search,https://search.rcsb.org/rcsbsearch/v2/query?json=%7B%22query%22%3A%7B%22type%22%3A%22group%22%2C%22logical_operator%22%3A%22and%22%2C%22nodes%22%3A%5B%7B%22type%22%3A%22terminal%22%2C%22service%22%3A%22text%22%2C%22parameters%22%3A%7B%22attribute%22%3A%22struct.title%22%2C%22operator%22%3A%22contains_phrase%22%2C%22value%22%3A%22tubulin%22%7D%7D%5D%7D%2C%22return_type%22%3A%22entry%22%2C%22request_options%22%3A%7B%22paginate%22%3A%7B%22start%22%3A0%2C%22rows%22%3A1000%7D%7D%7D,ok,data\raw\public_api\20260425T111325Z\rcsb_tubulin_search.json,a7c9991c6c9ca1234deb91ba7cd85ab765e422ebcfabd51df97e7fee53c49ea6,20260425T111325Z
20260425T111325Z,pubchem,pubchem_compound_10074128_pugview,https://pubchem.ncbi.nlm.nih.gov/rest/pug_view/data/compound/10074128/JSON,ok,data\raw\public_api\20260425T111325Z\pubchem_compound_10074128_pugview.json,48ecad60d3eb8f1bd73b45118cbc52ee9b4d67e024c10e84062137174e086557,20260425T111325Z
20260425T111325Z,pubchem,pubchem_compound_10321287_pugview,https://pubchem.ncbi.nlm.nih.gov/rest/pug_view/data/compound/10321287/JSON,ok,data\raw\public_api\20260425T111325Z\pubchem_compound_10321287_pugview.json,df1699124cc78d9af302734a5c88e274fd58c4c94cf52b3ce5c9e6e7bcd4437c,20260425T111325Z
20260425T111325Z,pubchem,pubchem_compound_5352103_pugview,https://pubchem.ncbi.nlm.nih.gov/rest/pug_view/data/compound/5352103/JSON,ok,data\raw\public_api\20260425T111325Z\pubchem_compound_5352103_pugview.json,9d99053ecd18fdcfea1c1785d5d9a797ab46c0c169562345d6c6ef5a1fabcbc1,20260425T111325Z
20260425T111325Z,pubchem,pubchem_compound_448799_pugview,https://pubchem.ncbi.nlm.nih.gov/rest/pug_view/data/compound/448799/JSON,ok,data\raw\public_api\20260425T111325Z\pubchem_compound_448799_pugview.json,1506b3a0fe780b64907b8374c1344afdd4a8992e782c7f634d0438ca808cba56,20260425T111325Z
20260425T111325Z,pubchem,pubchem_compound_10657_pugview,https://pubchem.ncbi.nlm.nih.gov/rest/pug_view/data/compound/10657/JSON,ok,data\raw\public_api\20260425T111325Z\pubchem_compound_10657_pugview.json,4221dae8953bd89af09a744343686d4ea0b28875bf6c0be8199f9084533b7dd5,20260425T111325Z
20260425T111325Z,pubchem,pubchem_compound_9854073_pugview,https://pubchem.ncbi.nlm.nih.gov/rest/pug_view/data/compound/9854073/JSON,ok,data\raw\public_api\20260425T111325Z\pubchem_compound_9854073_pugview.json,0960b26bd270cb5709db865cdf5b576dd6c4b04c5cc034dd5a84b06817915b96,20260425T111325Z
20260425T111325Z,pubchem,pubchem_compound_4122_pugview,https://pubchem.ncbi.nlm.nih.gov/rest/pug_view/data/compound/4122/JSON,ok,data\raw\public_api\20260425T111325Z\pubchem_compound_4122_pugview.json,5a2cd8c82a9fa8ee1bf59e948b958befda9962cbd058a3717140a1ffe6b4a101,20260425T111325Z
20260425T111325Z,pubchem,pubchem_compound_5978_pugview,https://pubchem.ncbi.nlm.nih.gov/rest/pug_view/data/compound/5978/JSON,ok,data\raw\public_api\20260425T111325Z\pubchem_compound_5978_pugview.json,01b64a3096e7160b766d556bd745a4bda50564df242ce5bd10f607299f935ca4,20260425T111325Z
20260425T111325Z,pubchem,pubchem_compound_36314_pugview,https://pubchem.ncbi.nlm.nih.gov/rest/pug_view/data/compound/36314/JSON,ok,data\raw\public_api\20260425T111325Z\pubchem_compound_36314_pugview.json,18bec4bd4872e57ffb5c3b8e596477ccbaa7735fe90fbf7ca52ddd3bd7af36d4,20260425T111325Z
20260425T111325Z,pubchem,pubchem_compound_5344_pugview,https://pubchem.ncbi.nlm.nih.gov/rest/pug_view/data/compound/5344/JSON,ok,data\raw\public_api\20260425T111325Z\pubchem_compound_5344_pugview.json,a573629f6144234c1c0111d5fb6fe58d25c94ca17e99a7733350c23d7102e34f,20260425T111325Z
20260425T111325Z,pubchem,pubchem_compound_5281862_pugview,https://pubchem.ncbi.nlm.nih.gov/rest/pug_view/data/compound/5281862/JSON,ok,data\raw\public_api\20260425T111325Z\pubchem_compound_5281862_pugview.json,070d2bde4d751dbdbee56cdca8678555e181735957b7f40ee4a3aa550ef392b2,20260425T111325Z
20260425T111325Z,pubchem,pubchem_compound_11414799_pugview,https://pubchem.ncbi.nlm.nih.gov/rest/pug_view/data/compound/11414799/JSON,ok,data\raw\public_api\20260425T111325Z\pubchem_compound_11414799_pugview.json,f293a3c9800d7ab53b3e231118be015707c9801bfc79e600b336a9b1b6bf5982,20260425T111325Z
20260425T111325Z,pubchem,pubchem_compound_11351021_pugview,https://pubchem.ncbi.nlm.nih.gov/rest/pug_view/data/compound/11351021/JSON,ok,data\raw\public_api\20260425T111325Z\pubchem_compound_11351021_pugview.json,80f0c321a3585f523c30e260349accfbba40f5f8b180f2e189a14b024c6e8545,20260425T111325Z
20260425T111325Z,pubchem,pubchem_compound_139369407_pugview,https://pubchem.ncbi.nlm.nih.gov/rest/pug_view/data/compound/139369407/JSON,ok,data\raw\public_api\20260425T111325Z\pubchem_compound_139369407_pugview.json,7e05c4935aefdf3283b0aff631a67a55bd57e85162e0d4f7caad434f858fc58a,20260425T111325Z
20260425T111325Z,pubchem,pubchem_compound_6675804_pugview,https://pubchem.ncbi.nlm.nih.gov/rest/pug_view/data/compound/6675804/JSON,ok,data\raw\public_api\20260425T111325Z\pubchem_compound_6675804_pugview.json,6489cd06ccee974571145becddfe6aabc4d775120d852da976b145238071ec9b,20260425T111325Z
20260425T111325Z,pubchem,pubchem_compound_53379371_pugview,https://pubchem.ncbi.nlm.nih.gov/rest/pug_view/data/compound/53379371/JSON,ok,data\raw\public_api\20260425T111325Z\pubchem_compound_53379371_pugview.json,d34ac7ea43b7853517c4d71a18de590b10a38edab489170ae3642b888dd388f7,20260425T111325Z
20260425T111325Z,pubchem,pubchem_compound_5353431_pugview,https://pubchem.ncbi.nlm.nih.gov/rest/pug_view/data/compound/5353431/JSON,ok,data\raw\public_api\20260425T111325Z\pubchem_compound_5353431_pugview.json,8763348d5ff0c004b63930ad517717a8b5d915d6225b84e29a7f1979e26d530a,20260425T111325Z
20260425T111325Z,pubchem,pubchem_compound_247034_pugview,https://pubchem.ncbi.nlm.nih.gov/rest/pug_view/data/compound/247034/JSON,ok,data\raw\public_api\20260425T111325Z\pubchem_compound_247034_pugview.json,9592c7abb93a62452b430ff8af5eaf0e52bc78562af80ce5f9e1eb24f1835721,20260425T111325Z
20260425T111325Z,pubchem,pubchem_compound_3033830_pugview,https://pubchem.ncbi.nlm.nih.gov/rest/pug_view/data/compound/3033830/JSON,ok,data\raw\public_api\20260425T111325Z\pubchem_compound_3033830_pugview.json,d18f3f6654426d56e62e4bd950c520b21cc43df5d1fe11f96cf6824744a9e47d,20260425T111325Z
20260425T111325Z,pubchem,pubchem_compound_32248_pugview,https://pubchem.ncbi.nlm.nih.gov/rest/pug_view/data/compound/32248/JSON,ok,data\raw\public_api\20260425T111325Z\pubchem_compound_32248_pugview.json,f7a89b7f7823ec8c4b62205dcbf801fec56e908315fcc161a847cf40a23f51a7,20260425T111325Z
20260425T111325Z,pubchem,pubchem_compound_104865_pugview,https://pubchem.ncbi.nlm.nih.gov/rest/pug_view/data/compound/104865/JSON,ok,data\raw\public_api\20260425T111325Z\pubchem_compound_104865_pugview.json,e3dd0948ce51e9fe740a5c4bdc877653bb6d6ae0ebf6a6091c1afed59ca5809b,20260425T111325Z
20260425T111325Z,pubchem,pubchem_compound_6918290_pugview,https://pubchem.ncbi.nlm.nih.gov/rest/pug_view/data/compound/6918290/JSON,ok,data\raw\public_api\20260425T111325Z\pubchem_compound_6918290_pugview.json,54c0eedd2c8e432f1704402037d662f3278de34d0fa8ba007bd4c468ca903679,20260425T111325Z
20260425T111325Z,pubchem,pubchem_compound_444695_pugview,https://pubchem.ncbi.nlm.nih.gov/rest/pug_view/data/compound/444695/JSON,ok,data\raw\public_api\20260425T111325Z\pubchem_compound_444695_pugview.json,edbcc32cd9e59aea978c1b48622b54928592327eab4a2d53f7373ab0624c3ae6,20260425T111325Z
20260425T111325Z,pubchem,pubchem_compound_9949641_pugview,https://pubchem.ncbi.nlm.nih.gov/rest/pug_view/data/compound/9949641/JSON,ok,data\raw\public_api\20260425T111325Z\pubchem_compound_9949641_pugview.json,4b744e241efc7424ebe3c67f5c16f4770ae0a93bbf228e98b67002107121dd10,20260425T111325Z
20260425T111325Z,pubchem,pubchem_compound_11354606_pugview,https://pubchem.ncbi.nlm.nih.gov/rest/pug_view/data/compound/11354606/JSON,ok,data\raw\public_api\20260425T111325Z\pubchem_compound_11354606_pugview.json,ad475e44432c97a89a2db542f28988a8240189359cf242ec5b0720af1fdd95d9,20260425T111325Z
20260425T111325Z,pubchem,pubchem_compound_126941_pugview,https://pubchem.ncbi.nlm.nih.gov/rest/pug_view/data/compound/126941/JSON,ok,data\raw\public_api\20260425T111325Z\pubchem_compound_126941_pugview.json,b2c63a8d0fb9a8ce48dcbb5404c2ce43491537435d78625067220df0814d12ce,20260425T111325Z
20260425T111325Z,pubchem,pubchem_compound_148124_pugview,https://pubchem.ncbi.nlm.nih.gov/rest/pug_view/data/compound/148124/JSON,ok,data\raw\public_api\20260425T111325Z\pubchem_compound_148124_pugview.json,4e4bd11360f07cb734c1f63f68fa3c18c9f495e0247577b42aea86f9bae42c89,20260425T111325Z
20260425T111325Z,pubchem,pubchem_compound_6440397_pugview,https://pubchem.ncbi.nlm.nih.gov/rest/pug_view/data/compound/6440397/JSON,ok,data\raw\public_api\20260425T111325Z\pubchem_compound_6440397_pugview.json,9c882e76b3a78aeb9d5b8e3ee627bbac1430687e42b6c0059b0a46af23dd3f3d,20260425T111325Z
20260425T111325Z,pubchem,pubchem_compound_6918641_pugview,https://pubchem.ncbi.nlm.nih.gov/rest/pug_view/data/compound/6918641/JSON,ok,data\raw\public_api\20260425T111325Z\pubchem_compound_6918641_pugview.json,c702a4f5553ec30d87ccfb8a360e02402b5584072bc838dda6adb553202a2dcb,20260425T111325Z
20260425T111325Z,pubchem,pubchem_compound_104850_pugview,https://pubchem.ncbi.nlm.nih.gov/rest/pug_view/data/compound/104850/JSON,ok,data\raw\public_api\20260425T111325Z\pubchem_compound_104850_pugview.json,a90beced903a287d72b5f7da43545fdf3367a2d26c6021b5d0fd4788667328e6,20260425T111325Z
20260425T111325Z,pubchem,pubchem_compound_457813_pugview,https://pubchem.ncbi.nlm.nih.gov/rest/pug_view/data/compound/457813/JSON,ok,data\raw\public_api\20260425T111325Z\pubchem_compound_457813_pugview.json,021bfd66f658e294b0bb650d69b552f461a868b3a5534f869d70f1121a6d43ea,20260425T111325Z
20260425T111325Z,pubchem,pubchem_compound_6167_pugview,https://pubchem.ncbi.nlm.nih.gov/rest/pug_view/data/compound/6167/JSON,ok,data\raw\public_api\20260425T111325Z\pubchem_compound_6167_pugview.json,5a170e7d3c616457a550f16fc7a2d11ef4032fe9398d32e9583ae792c77420f6,20260425T111325Z
20260425T111325Z,rcsb,rcsb_tubulin_core_entries,https://data.rcsb.org/rest/v1/core/entry/{entry_id},ok,data\raw\public_api\20260425T111325Z\rcsb_tubulin_core_entries.json,a4e4be2c1353fa71bfc509e8638afdca790a2e4052c49d557c5152670d74fdb5,20260425T111325Z
20260425T111745Z,openalex,openalex_microtubule_quantum,,ok,data\raw\public_api\20260425T111745Z\openalex_microtubule_quantum.json,4247df06b9948283528d7a582e196114249ef2210f25584406ef6cdad19119b8,20260425T111745Z
20260425T111745Z,crossref,crossref_microtubule_spectroscopy,,ok,data\raw\public_api\20260425T111745Z\crossref_microtubule_spectroscopy.json,a2daafa3c79663c10715d8981cc54185e011426cccf5b496a08e21c923672501,20260425T111745Z
20260425T111745Z,europepmc,europepmc_microtubule_spectroscopy,,ok,data\raw\public_api\20260425T111745Z\europepmc_microtubule_spectroscopy.json,8821b321fc4939fe4edf164bec3c93e4ef4f1a2f6c43ce549167167a6f806e70,20260425T111745Z
20260425T111745Z,rcsb,rcsb_tubulin_search,https://search.rcsb.org/rcsbsearch/v2/query?json=%7B%22query%22%3A%7B%22type%22%3A%22group%22%2C%22logical_operator%22%3A%22and%22%2C%22nodes%22%3A%5B%7B%22type%22%3A%22terminal%22%2C%22service%22%3A%22text%22%2C%22parameters%22%3A%7B%22attribute%22%3A%22struct.title%22%2C%22operator%22%3A%22contains_phrase%22%2C%22value%22%3A%22tubulin%22%7D%7D%5D%7D%2C%22return_type%22%3A%22entry%22%2C%22request_options%22%3A%7B%22paginate%22%3A%7B%22start%22%3A0%2C%22rows%22%3A1000%7D%7D%7D,ok,data\raw\public_api\20260425T111745Z\rcsb_tubulin_search.json,a83ad0fb59850067ee6d26726c433cc4a720415c4d7759446e214756ea3db3ad,20260425T111745Z
20260425T111745Z,pubchem,pubchem_compound_10074128_pugview,https://pubchem.ncbi.nlm.nih.gov/rest/pug_view/data/compound/10074128/JSON,ok,data\raw\public_api\20260425T111745Z\pubchem_compound_10074128_pugview.json,48ecad60d3eb8f1bd73b45118cbc52ee9b4d67e024c10e84062137174e086557,20260425T111745Z
20260425T111745Z,pubchem,pubchem_compound_5352103_pugview,https://pubchem.ncbi.nlm.nih.gov/rest/pug_view/data/compound/5352103/JSON,ok,data\raw\public_api\20260425T111745Z\pubchem_compound_5352103_pugview.json,9d99053ecd18fdcfea1c1785d5d9a797ab46c0c169562345d6c6ef5a1fabcbc1,20260425T111745Z
20260425T111745Z,pubchem,pubchem_compound_457813_pugview,https://pubchem.ncbi.nlm.nih.gov/rest/pug_view/data/compound/457813/JSON,ok,data\raw\public_api\20260425T111745Z\pubchem_compound_457813_pugview.json,021bfd66f658e294b0bb650d69b552f461a868b3a5534f869d70f1121a6d43ea,20260425T111745Z
20260425T111745Z,pubchem,pubchem_compound_10657_pugview,https://pubchem.ncbi.nlm.nih.gov/rest/pug_view/data/compound/10657/JSON,ok,data\raw\public_api\20260425T111745Z\pubchem_compound_10657_pugview.json,4221dae8953bd89af09a744343686d4ea0b28875bf6c0be8199f9084533b7dd5,20260425T111745Z
20260425T111745Z,pubchem,pubchem_compound_4122_pugview,https://pubchem.ncbi.nlm.nih.gov/rest/pug_view/data/compound/4122/JSON,ok,data\raw\public_api\20260425T111745Z\pubchem_compound_4122_pugview.json,5a2cd8c82a9fa8ee1bf59e948b958befda9962cbd058a3717140a1ffe6b4a101,20260425T111745Z
20260425T111745Z,pubchem,pubchem_compound_5978_pugview,https://pubchem.ncbi.nlm.nih.gov/rest/pug_view/data/compound/5978/JSON,ok,data\raw\public_api\20260425T111745Z\pubchem_compound_5978_pugview.json,01b64a3096e7160b766d556bd745a4bda50564df242ce5bd10f607299f935ca4,20260425T111745Z
20260425T111745Z,pubchem,pubchem_compound_9854073_pugview,https://pubchem.ncbi.nlm.nih.gov/rest/pug_view/data/compound/9854073/JSON,ok,data\raw\public_api\20260425T111745Z\pubchem_compound_9854073_pugview.json,0960b26bd270cb5709db865cdf5b576dd6c4b04c5cc034dd5a84b06817915b96,20260425T111745Z
20260425T111745Z,pubchem,pubchem_compound_5281862_pugview,https://pubchem.ncbi.nlm.nih.gov/rest/pug_view/data/compound/5281862/JSON,ok,data\raw\public_api\20260425T111745Z\pubchem_compound_5281862_pugview.json,070d2bde4d751dbdbee56cdca8678555e181735957b7f40ee4a3aa550ef392b2,20260425T111745Z
20260425T111745Z,pubchem,pubchem_compound_36314_pugview,https://pubchem.ncbi.nlm.nih.gov/rest/pug_view/data/compound/36314/JSON,ok,data\raw\public_api\20260425T111745Z\pubchem_compound_36314_pugview.json,18bec4bd4872e57ffb5c3b8e596477ccbaa7735fe90fbf7ca52ddd3bd7af36d4,20260425T111745Z
20260425T111745Z,pubchem,pubchem_compound_9949641_pugview,https://pubchem.ncbi.nlm.nih.gov/rest/pug_view/data/compound/9949641/JSON,ok,data\raw\public_api\20260425T111745Z\pubchem_compound_9949641_pugview.json,4b744e241efc7424ebe3c67f5c16f4770ae0a93bbf228e98b67002107121dd10,20260425T111745Z
20260425T111745Z,pubchem,pubchem_compound_6167_pugview,https://pubchem.ncbi.nlm.nih.gov/rest/pug_view/data/compound/6167/JSON,ok,data\raw\public_api\20260425T111745Z\pubchem_compound_6167_pugview.json,5a170e7d3c616457a550f16fc7a2d11ef4032fe9398d32e9583ae792c77420f6,20260425T111745Z
20260425T111745Z,pubchem,pubchem_compound_11351021_pugview,https://pubchem.ncbi.nlm.nih.gov/rest/pug_view/data/compound/11351021/JSON,ok,data\raw\public_api\20260425T111745Z\pubchem_compound_11351021_pugview.json,80f0c321a3585f523c30e260349accfbba40f5f8b180f2e189a14b024c6e8545,20260425T111745Z
20260425T111745Z,pubchem,pubchem_compound_5344_pugview,https://pubchem.ncbi.nlm.nih.gov/rest/pug_view/data/compound/5344/JSON,ok,data\raw\public_api\20260425T111745Z\pubchem_compound_5344_pugview.json,a573629f6144234c1c0111d5fb6fe58d25c94ca17e99a7733350c23d7102e34f,20260425T111745Z
20260425T111745Z,pubchem,pubchem_compound_11414799_pugview,https://pubchem.ncbi.nlm.nih.gov/rest/pug_view/data/compound/11414799/JSON,ok,data\raw\public_api\20260425T111745Z\pubchem_compound_11414799_pugview.json,f293a3c9800d7ab53b3e231118be015707c9801bfc79e600b336a9b1b6bf5982,20260425T111745Z
20260425T111745Z,pubchem,pubchem_compound_53379371_pugview,https://pubchem.ncbi.nlm.nih.gov/rest/pug_view/data/compound/53379371/JSON,ok,data\raw\public_api\20260425T111745Z\pubchem_compound_53379371_pugview.json,d34ac7ea43b7853517c4d71a18de590b10a38edab489170ae3642b888dd388f7,20260425T111745Z
20260425T111745Z,pubchem,pubchem_compound_139369407_pugview,https://pubchem.ncbi.nlm.nih.gov/rest/pug_view/data/compound/139369407/JSON,ok,data\raw\public_api\20260425T111745Z\pubchem_compound_139369407_pugview.json,7e05c4935aefdf3283b0aff631a67a55bd57e85162e0d4f7caad434f858fc58a,20260425T111745Z
20260425T111745Z,pubchem,pubchem_compound_6675804_pugview,https://pubchem.ncbi.nlm.nih.gov/rest/pug_view/data/compound/6675804/JSON,ok,data\raw\public_api\20260425T111745Z\pubchem_compound_6675804_pugview.json,6489cd06ccee974571145becddfe6aabc4d775120d852da976b145238071ec9b,20260425T111745Z
20260425T111745Z,pubchem,pubchem_compound_247034_pugview,https://pubchem.ncbi.nlm.nih.gov/rest/pug_view/data/compound/247034/JSON,ok,data\raw\public_api\20260425T111745Z\pubchem_compound_247034_pugview.json,9592c7abb93a62452b430ff8af5eaf0e52bc78562af80ce5f9e1eb24f1835721,20260425T111745Z
20260425T111745Z,pubchem,pubchem_compound_3033830_pugview,https://pubchem.ncbi.nlm.nih.gov/rest/pug_view/data/compound/3033830/JSON,ok,data\raw\public_api\20260425T111745Z\pubchem_compound_3033830_pugview.json,d18f3f6654426d56e62e4bd950c520b21cc43df5d1fe11f96cf6824744a9e47d,20260425T111745Z
20260425T111745Z,pubchem,pubchem_compound_444695_pugview,https://pubchem.ncbi.nlm.nih.gov/rest/pug_view/data/compound/444695/JSON,ok,data\raw\public_api\20260425T111745Z\pubchem_compound_444695_pugview.json,edbcc32cd9e59aea978c1b48622b54928592327eab4a2d53f7373ab0624c3ae6,20260425T111745Z
20260425T111745Z,pubchem,pubchem_compound_5353431_pugview,https://pubchem.ncbi.nlm.nih.gov/rest/pug_view/data/compound/5353431/JSON,ok,data\raw\public_api\20260425T111745Z\pubchem_compound_5353431_pugview.json,8763348d5ff0c004b63930ad517717a8b5d915d6225b84e29a7f1979e26d530a,20260425T111745Z
20260425T111745Z,pubchem,pubchem_compound_6918290_pugview,https://pubchem.ncbi.nlm.nih.gov/rest/pug_view/data/compound/6918290/JSON,ok,data\raw\public_api\20260425T111745Z\pubchem_compound_6918290_pugview.json,54c0eedd2c8e432f1704402037d662f3278de34d0fa8ba007bd4c468ca903679,20260425T111745Z
20260425T111745Z,pubchem,pubchem_compound_6918641_pugview,https://pubchem.ncbi.nlm.nih.gov/rest/pug_view/data/compound/6918641/JSON,ok,data\raw\public_api\20260425T111745Z\pubchem_compound_6918641_pugview.json,c702a4f5553ec30d87ccfb8a360e02402b5584072bc838dda6adb553202a2dcb,20260425T111745Z
20260425T111745Z,pubchem,pubchem_compound_6440397_pugview,https://pubchem.ncbi.nlm.nih.gov/rest/pug_view/data/compound/6440397/JSON,ok,data\raw\public_api\20260425T111745Z\pubchem_compound_6440397_pugview.json,9c882e76b3a78aeb9d5b8e3ee627bbac1430687e42b6c0059b0a46af23dd3f3d,20260425T111745Z
20260425T111745Z,pubchem,pubchem_compound_448799_pugview,https://pubchem.ncbi.nlm.nih.gov/rest/pug_view/data/compound/448799/JSON,ok,data\raw\public_api\20260425T111745Z\pubchem_compound_448799_pugview.json,1506b3a0fe780b64907b8374c1344afdd4a8992e782c7f634d0438ca808cba56,20260425T111745Z
20260425T111745Z,pubchem,pubchem_compound_104850_pugview,https://pubchem.ncbi.nlm.nih.gov/rest/pug_view/data/compound/104850/JSON,ok,data\raw\public_api\20260425T111745Z\pubchem_compound_104850_pugview.json,a90beced903a287d72b5f7da43545fdf3367a2d26c6021b5d0fd4788667328e6,20260425T111745Z
20260425T111745Z,pubchem,pubchem_compound_126941_pugview,https://pubchem.ncbi.nlm.nih.gov/rest/pug_view/data/compound/126941/JSON,ok,data\raw\public_api\20260425T111745Z\pubchem_compound_126941_pugview.json,b2c63a8d0fb9a8ce48dcbb5404c2ce43491537435d78625067220df0814d12ce,20260425T111745Z
20260425T111745Z,pubchem,pubchem_compound_104865_pugview,https://pubchem.ncbi.nlm.nih.gov/rest/pug_view/data/compound/104865/JSON,ok,data\raw\public_api\20260425T111745Z\pubchem_compound_104865_pugview.json,e3dd0948ce51e9fe740a5c4bdc877653bb6d6ae0ebf6a6091c1afed59ca5809b,20260425T111745Z
20260425T111745Z,pubchem,pubchem_compound_10321287_pugview,https://pubchem.ncbi.nlm.nih.gov/rest/pug_view/data/compound/10321287/JSON,ok,data\raw\public_api\20260425T111745Z\pubchem_compound_10321287_pugview.json,df1699124cc78d9af302734a5c88e274fd58c4c94cf52b3ce5c9e6e7bcd4437c,20260425T111745Z
20260425T111745Z,pubchem,pubchem_compound_32248_pugview,https://pubchem.ncbi.nlm.nih.gov/rest/pug_view/data/compound/32248/JSON,ok,data\raw\public_api\20260425T111745Z\pubchem_compound_32248_pugview.json,f7a89b7f7823ec8c4b62205dcbf801fec56e908315fcc161a847cf40a23f51a7,20260425T111745Z
20260425T111745Z,pubchem,pubchem_compound_11354606_pugview,https://pubchem.ncbi.nlm.nih.gov/rest/pug_view/data/compound/11354606/JSON,ok,data\raw\public_api\20260425T111745Z\pubchem_compound_11354606_pugview.json,ad475e44432c97a89a2db542f28988a8240189359cf242ec5b0720af1fdd95d9,20260425T111745Z
20260425T111745Z,pubchem,pubchem_compound_148124_pugview,https://pubchem.ncbi.nlm.nih.gov/rest/pug_view/data/compound/148124/JSON,ok,data\raw\public_api\20260425T111745Z\pubchem_compound_148124_pugview.json,4e4bd11360f07cb734c1f63f68fa3c18c9f495e0247577b42aea86f9bae42c89,20260425T111745Z
20260425T111745Z,rcsb,rcsb_tubulin_core_entries,https://data.rcsb.org/rest/v1/core/entry/{entry_id},ok,data\raw\public_api\20260425T111745Z\rcsb_tubulin_core_entries.json,adef783c132456964d512e75e51a645e28842fc51813e07aed040851456b8735,20260425T111745Z
20260425T112023Z,openalex,openalex_microtubule_quantum,,ok,data\raw\public_api\20260425T112023Z\openalex_microtubule_quantum.json,b35e03d8420681e89e800247718af8b1f773252692efbe6f7d87bb372fde50fb,20260425T112023Z
20260425T112023Z,crossref,crossref_microtubule_spectroscopy,,ok,data\raw\public_api\20260425T112023Z\crossref_microtubule_spectroscopy.json,61279d020503ea4251657d26d35d808849b5ae200c47ea0302a26c9980386905,20260425T112023Z
20260425T112023Z,europepmc,europepmc_microtubule_spectroscopy,,ok,data\raw\public_api\20260425T112023Z\europepmc_microtubule_spectroscopy.json,8fc4cde4687eca58eb2b070b43353d78fdf04409835a7cf3d020e180d3afa6b0,20260425T112023Z
20260425T112023Z,rcsb,rcsb_tubulin_search,https://search.rcsb.org/rcsbsearch/v2/query?json=%7B%22query%22%3A%7B%22type%22%3A%22group%22%2C%22logical_operator%22%3A%22and%22%2C%22nodes%22%3A%5B%7B%22type%22%3A%22terminal%22%2C%22service%22%3A%22text%22%2C%22parameters%22%3A%7B%22attribute%22%3A%22struct.title%22%2C%22operator%22%3A%22contains_phrase%22%2C%22value%22%3A%22tubulin%22%7D%7D%5D%7D%2C%22return_type%22%3A%22entry%22%2C%22request_options%22%3A%7B%22paginate%22%3A%7B%22start%22%3A0%2C%22rows%22%3A1000%7D%7D%7D,ok,data\raw\public_api\20260425T112023Z\rcsb_tubulin_search.json,a180cec2fd1c1449bd2155a02a1f231451ea1d918d55acc906395382cafbac3f,20260425T112023Z
20260425T112023Z,pubchem,pubchem_compound_10321287_pugview,https://pubchem.ncbi.nlm.nih.gov/rest/pug_view/data/compound/10321287/JSON,ok,data\raw\public_api\20260425T112023Z\pubchem_compound_10321287_pugview.json,df1699124cc78d9af302734a5c88e274fd58c4c94cf52b3ce5c9e6e7bcd4437c,20260425T112023Z
20260425T112023Z,pubchem,pubchem_compound_5352103_pugview,https://pubchem.ncbi.nlm.nih.gov/rest/pug_view/data/compound/5352103/JSON,ok,data\raw\public_api\20260425T112023Z\pubchem_compound_5352103_pugview.json,9d99053ecd18fdcfea1c1785d5d9a797ab46c0c169562345d6c6ef5a1fabcbc1,20260425T112023Z
20260425T112023Z,pubchem,pubchem_compound_457813_pugview,https://pubchem.ncbi.nlm.nih.gov/rest/pug_view/data/compound/457813/JSON,ok,data\raw\public_api\20260425T112023Z\pubchem_compound_457813_pugview.json,021bfd66f658e294b0bb650d69b552f461a868b3a5534f869d70f1121a6d43ea,20260425T112023Z
20260425T112023Z,pubchem,pubchem_compound_10657_pugview,https://pubchem.ncbi.nlm.nih.gov/rest/pug_view/data/compound/10657/JSON,ok,data\raw\public_api\20260425T112023Z\pubchem_compound_10657_pugview.json,4221dae8953bd89af09a744343686d4ea0b28875bf6c0be8199f9084533b7dd5,20260425T112023Z
20260425T112023Z,pubchem,pubchem_compound_11354606_pugview,https://pubchem.ncbi.nlm.nih.gov/rest/pug_view/data/compound/11354606/JSON,ok,data\raw\public_api\20260425T112023Z\pubchem_compound_11354606_pugview.json,ad475e44432c97a89a2db542f28988a8240189359cf242ec5b0720af1fdd95d9,20260425T112023Z
20260425T112023Z,pubchem,pubchem_compound_9854073_pugview,https://pubchem.ncbi.nlm.nih.gov/rest/pug_view/data/compound/9854073/JSON,ok,data\raw\public_api\20260425T112023Z\pubchem_compound_9854073_pugview.json,0960b26bd270cb5709db865cdf5b576dd6c4b04c5cc034dd5a84b06817915b96,20260425T112023Z
20260425T112023Z,pubchem,pubchem_compound_5978_pugview,https://pubchem.ncbi.nlm.nih.gov/rest/pug_view/data/compound/5978/JSON,ok,data\raw\public_api\20260425T112023Z\pubchem_compound_5978_pugview.json,01b64a3096e7160b766d556bd745a4bda50564df242ce5bd10f607299f935ca4,20260425T112023Z
20260425T112023Z,pubchem,pubchem_compound_5344_pugview,https://pubchem.ncbi.nlm.nih.gov/rest/pug_view/data/compound/5344/JSON,ok,data\raw\public_api\20260425T112023Z\pubchem_compound_5344_pugview.json,a573629f6144234c1c0111d5fb6fe58d25c94ca17e99a7733350c23d7102e34f,20260425T112023Z
20260425T112023Z,pubchem,pubchem_compound_148124_pugview,https://pubchem.ncbi.nlm.nih.gov/rest/pug_view/data/compound/148124/JSON,ok,data\raw\public_api\20260425T112023Z\pubchem_compound_148124_pugview.json,4e4bd11360f07cb734c1f63f68fa3c18c9f495e0247577b42aea86f9bae42c89,20260425T112023Z
20260425T112023Z,pubchem,pubchem_compound_36314_pugview,https://pubchem.ncbi.nlm.nih.gov/rest/pug_view/data/compound/36314/JSON,ok,data\raw\public_api\20260425T112023Z\pubchem_compound_36314_pugview.json,18bec4bd4872e57ffb5c3b8e596477ccbaa7735fe90fbf7ca52ddd3bd7af36d4,20260425T112023Z
20260425T112023Z,pubchem,pubchem_compound_11351021_pugview,https://pubchem.ncbi.nlm.nih.gov/rest/pug_view/data/compound/11351021/JSON,ok,data\raw\public_api\20260425T112023Z\pubchem_compound_11351021_pugview.json,80f0c321a3585f523c30e260349accfbba40f5f8b180f2e189a14b024c6e8545,20260425T112023Z
20260425T112023Z,pubchem,pubchem_compound_53379371_pugview,https://pubchem.ncbi.nlm.nih.gov/rest/pug_view/data/compound/53379371/JSON,ok,data\raw\public_api\20260425T112023Z\pubchem_compound_53379371_pugview.json,d34ac7ea43b7853517c4d71a18de590b10a38edab489170ae3642b888dd388f7,20260425T112023Z
20260425T112023Z,pubchem,pubchem_compound_5281862_pugview,https://pubchem.ncbi.nlm.nih.gov/rest/pug_view/data/compound/5281862/JSON,ok,data\raw\public_api\20260425T112023Z\pubchem_compound_5281862_pugview.json,070d2bde4d751dbdbee56cdca8678555e181735957b7f40ee4a3aa550ef392b2,20260425T112023Z
20260425T112023Z,pubchem,pubchem_compound_139369407_pugview,https://pubchem.ncbi.nlm.nih.gov/rest/pug_view/data/compound/139369407/JSON,ok,data\raw\public_api\20260425T112023Z\pubchem_compound_139369407_pugview.json,7e05c4935aefdf3283b0aff631a67a55bd57e85162e0d4f7caad434f858fc58a,20260425T112023Z
20260425T112023Z,pubchem,pubchem_compound_9949641_pugview,https://pubchem.ncbi.nlm.nih.gov/rest/pug_view/data/compound/9949641/JSON,ok,data\raw\public_api\20260425T112023Z\pubchem_compound_9949641_pugview.json,4b744e241efc7424ebe3c67f5c16f4770ae0a93bbf228e98b67002107121dd10,20260425T112023Z
20260425T112023Z,pubchem,pubchem_compound_247034_pugview,https://pubchem.ncbi.nlm.nih.gov/rest/pug_view/data/compound/247034/JSON,ok,data\raw\public_api\20260425T112023Z\pubchem_compound_247034_pugview.json,9592c7abb93a62452b430ff8af5eaf0e52bc78562af80ce5f9e1eb24f1835721,20260425T112023Z
20260425T112023Z,pubchem,pubchem_compound_11414799_pugview,https://pubchem.ncbi.nlm.nih.gov/rest/pug_view/data/compound/11414799/JSON,ok,data\raw\public_api\20260425T112023Z\pubchem_compound_11414799_pugview.json,f293a3c9800d7ab53b3e231118be015707c9801bfc79e600b336a9b1b6bf5982,20260425T112023Z
20260425T112023Z,pubchem,pubchem_compound_6675804_pugview,https://pubchem.ncbi.nlm.nih.gov/rest/pug_view/data/compound/6675804/JSON,ok,data\raw\public_api\20260425T112023Z\pubchem_compound_6675804_pugview.json,6489cd06ccee974571145becddfe6aabc4d775120d852da976b145238071ec9b,20260425T112023Z
20260425T112023Z,pubchem,pubchem_compound_3033830_pugview,https://pubchem.ncbi.nlm.nih.gov/rest/pug_view/data/compound/3033830/JSON,ok,data\raw\public_api\20260425T112023Z\pubchem_compound_3033830_pugview.json,d18f3f6654426d56e62e4bd950c520b21cc43df5d1fe11f96cf6824744a9e47d,20260425T112023Z
20260425T112023Z,pubchem,pubchem_compound_5353431_pugview,https://pubchem.ncbi.nlm.nih.gov/rest/pug_view/data/compound/5353431/JSON,ok,data\raw\public_api\20260425T112023Z\pubchem_compound_5353431_pugview.json,8763348d5ff0c004b63930ad517717a8b5d915d6225b84e29a7f1979e26d530a,20260425T112023Z
20260425T112023Z,pubchem,pubchem_compound_444695_pugview,https://pubchem.ncbi.nlm.nih.gov/rest/pug_view/data/compound/444695/JSON,ok,data\raw\public_api\20260425T112023Z\pubchem_compound_444695_pugview.json,edbcc32cd9e59aea978c1b48622b54928592327eab4a2d53f7373ab0624c3ae6,20260425T112023Z
20260425T112023Z,pubchem,pubchem_compound_104865_pugview,https://pubchem.ncbi.nlm.nih.gov/rest/pug_view/data/compound/104865/JSON,ok,data\raw\public_api\20260425T112023Z\pubchem_compound_104865_pugview.json,e3dd0948ce51e9fe740a5c4bdc877653bb6d6ae0ebf6a6091c1afed59ca5809b,20260425T112023Z
20260425T112023Z,pubchem,pubchem_compound_104850_pugview,https://pubchem.ncbi.nlm.nih.gov/rest/pug_view/data/compound/104850/JSON,ok,data\raw\public_api\20260425T112023Z\pubchem_compound_104850_pugview.json,a90beced903a287d72b5f7da43545fdf3367a2d26c6021b5d0fd4788667328e6,20260425T112023Z
20260425T112023Z,pubchem,pubchem_compound_448799_pugview,https://pubchem.ncbi.nlm.nih.gov/rest/pug_view/data/compound/448799/JSON,ok,data\raw\public_api\20260425T112023Z\pubchem_compound_448799_pugview.json,1506b3a0fe780b64907b8374c1344afdd4a8992e782c7f634d0438ca808cba56,20260425T112023Z
20260425T112023Z,pubchem,pubchem_compound_126941_pugview,https://pubchem.ncbi.nlm.nih.gov/rest/pug_view/data/compound/126941/JSON,ok,data\raw\public_api\20260425T112023Z\pubchem_compound_126941_pugview.json,b2c63a8d0fb9a8ce48dcbb5404c2ce43491537435d78625067220df0814d12ce,20260425T112023Z
20260425T112023Z,pubchem,pubchem_compound_4122_pugview,https://pubchem.ncbi.nlm.nih.gov/rest/pug_view/data/compound/4122/JSON,ok,data\raw\public_api\20260425T112023Z\pubchem_compound_4122_pugview.json,5a2cd8c82a9fa8ee1bf59e948b958befda9962cbd058a3717140a1ffe6b4a101,20260425T112023Z
20260425T112023Z,pubchem,pubchem_compound_6918290_pugview,https://pubchem.ncbi.nlm.nih.gov/rest/pug_view/data/compound/6918290/JSON,ok,data\raw\public_api\20260425T112023Z\pubchem_compound_6918290_pugview.json,54c0eedd2c8e432f1704402037d662f3278de34d0fa8ba007bd4c468ca903679,20260425T112023Z
20260425T112023Z,pubchem,pubchem_compound_6440397_pugview,https://pubchem.ncbi.nlm.nih.gov/rest/pug_view/data/compound/6440397/JSON,ok,data\raw\public_api\20260425T112023Z\pubchem_compound_6440397_pugview.json,9c882e76b3a78aeb9d5b8e3ee627bbac1430687e42b6c0059b0a46af23dd3f3d,20260425T112023Z
20260425T112023Z,pubchem,pubchem_compound_6918641_pugview,https://pubchem.ncbi.nlm.nih.gov/rest/pug_view/data/compound/6918641/JSON,ok,data\raw\public_api\20260425T112023Z\pubchem_compound_6918641_pugview.json,c702a4f5553ec30d87ccfb8a360e02402b5584072bc838dda6adb553202a2dcb,20260425T112023Z
20260425T112023Z,pubchem,pubchem_compound_10074128_pugview,https://pubchem.ncbi.nlm.nih.gov/rest/pug_view/data/compound/10074128/JSON,ok,data\raw\public_api\20260425T112023Z\pubchem_compound_10074128_pugview.json,48ecad60d3eb8f1bd73b45118cbc52ee9b4d67e024c10e84062137174e086557,20260425T112023Z
20260425T112023Z,pubchem,pubchem_compound_32248_pugview,https://pubchem.ncbi.nlm.nih.gov/rest/pug_view/data/compound/32248/JSON,ok,data\raw\public_api\20260425T112023Z\pubchem_compound_32248_pugview.json,f7a89b7f7823ec8c4b62205dcbf801fec56e908315fcc161a847cf40a23f51a7,20260425T112023Z
20260425T112023Z,pubchem,pubchem_compound_6167_pugview,https://pubchem.ncbi.nlm.nih.gov/rest/pug_view/data/compound/6167/JSON,ok,data\raw\public_api\20260425T112023Z\pubchem_compound_6167_pugview.json,5a170e7d3c616457a550f16fc7a2d11ef4032fe9398d32e9583ae792c77420f6,20260425T112023Z
20260425T112023Z,rcsb,rcsb_tubulin_core_entries,https://data.rcsb.org/rest/v1/core/entry/{entry_id},ok,data\raw\public_api\20260425T112023Z\rcsb_tubulin_core_entries.json,446b0c242314a31c22d97f838a309385201219d815e2385fe6ada4fcd8a24c35,20260425T112023Z
20260425T115542Z,openalex,openalex_microtubule_quantum,,ok,data\raw\public_api\20260425T115542Z\openalex_microtubule_quantum.json,0916212c3bc54bf13eaec9a60a6c8d3d1dea616f732e660ae6eba5272499e64e,20260425T115542Z
20260425T115542Z,crossref,crossref_microtubule_spectroscopy,,ok,data\raw\public_api\20260425T115542Z\crossref_microtubule_spectroscopy.json,37eaebfcf32bafdf3d803555713eff85e91db6a79557a09ac9d03a9e29b2f9ed,20260425T115542Z
20260425T115542Z,europepmc,europepmc_microtubule_spectroscopy,,ok,data\raw\public_api\20260425T115542Z\europepmc_microtubule_spectroscopy.json,02a41b01fe5950690bc2b10a9ac18025be55abc534d660e3edb4f4e3466c7335,20260425T115542Z
20260425T115542Z,pubchem,pubchem_compound_3143_pugview,https://pubchem.ncbi.nlm.nih.gov/rest/pug_view/data/compound/3143/JSON,ok,data\raw\public_api\20260425T115542Z\pubchem_compound_3143_pugview.json,f939736c0088b2017eef934a16deb9c4fef56097a8dce384e1a9c1e98e141ca8,20260425T115542Z
20260425T115542Z,pubchem,pubchem_compound_5672_pugview,https://pubchem.ncbi.nlm.nih.gov/rest/pug_view/data/compound/5672/JSON,ok,data\raw\public_api\20260425T115542Z\pubchem_compound_5672_pugview.json,4888fe4ed1e8411cf0348f0e158e9c346fed9ef78a9a19484ab4544de8927fea,20260425T115542Z
20260425T115542Z,pubchem,pubchem_compound_10657_pugview,https://pubchem.ncbi.nlm.nih.gov/rest/pug_view/data/compound/10657/JSON,ok,data\raw\public_api\20260425T115542Z\pubchem_compound_10657_pugview.json,4221dae8953bd89af09a744343686d4ea0b28875bf6c0be8199f9084533b7dd5,20260425T115542Z
20260425T115542Z,rcsb,rcsb_tubulin_search,https://search.rcsb.org/rcsbsearch/v2/query?json=%7B%22query%22%3A%7B%22type%22%3A%22group%22%2C%22logical_operator%22%3A%22and%22%2C%22nodes%22%3A%5B%7B%22type%22%3A%22terminal%22%2C%22service%22%3A%22text%22%2C%22parameters%22%3A%7B%22attribute%22%3A%22struct.title%22%2C%22operator%22%3A%22contains_phrase%22%2C%22value%22%3A%22tubulin%22%7D%7D%5D%7D%2C%22return_type%22%3A%22entry%22%2C%22request_options%22%3A%7B%22paginate%22%3A%7B%22start%22%3A0%2C%22rows%22%3A1000%7D%7D%7D,ok,data\raw\public_api\20260425T115542Z\rcsb_tubulin_search.json,3f6cfcfc40fafe944db58eb75056dd0d60cdbfac0081a0b1449f025349d786f2,20260425T115542Z
20260425T115542Z,pubchem,pubchem_compound_4122_pugview,https://pubchem.ncbi.nlm.nih.gov/rest/pug_view/data/compound/4122/JSON,ok,data\raw\public_api\20260425T115542Z\pubchem_compound_4122_pugview.json,5a2cd8c82a9fa8ee1bf59e948b958befda9962cbd058a3717140a1ffe6b4a101,20260425T115542Z
20260425T115542Z,pubchem,pubchem_compound_5978_pugview,https://pubchem.ncbi.nlm.nih.gov/rest/pug_view/data/compound/5978/JSON,ok,data\raw\public_api\20260425T115542Z\pubchem_compound_5978_pugview.json,01b64a3096e7160b766d556bd745a4bda50564df242ce5bd10f607299f935ca4,20260425T115542Z
20260425T115542Z,pubchem,pubchem_compound_5569_pugview,https://pubchem.ncbi.nlm.nih.gov/rest/pug_view/data/compound/5569/JSON,ok,data\raw\public_api\20260425T115542Z\pubchem_compound_5569_pugview.json,2fa7f952e6552b97d78abf5558dbe533e26d4c0564978691945a68ea18b8bca2,20260425T115542Z
20260425T115542Z,pubchem,pubchem_compound_5344_pugview,https://pubchem.ncbi.nlm.nih.gov/rest/pug_view/data/compound/5344/JSON,ok,data\raw\public_api\20260425T115542Z\pubchem_compound_5344_pugview.json,a573629f6144234c1c0111d5fb6fe58d25c94ca17e99a7733350c23d7102e34f,20260425T115542Z
20260425T115542Z,pubchem,pubchem_compound_6167_pugview,https://pubchem.ncbi.nlm.nih.gov/rest/pug_view/data/compound/6167/JSON,ok,data\raw\public_api\20260425T115542Z\pubchem_compound_6167_pugview.json,5a170e7d3c616457a550f16fc7a2d11ef4032fe9398d32e9583ae792c77420f6,20260425T115542Z
20260425T115542Z,pubchem,pubchem_compound_4030_pugview,https://pubchem.ncbi.nlm.nih.gov/rest/pug_view/data/compound/4030/JSON,ok,data\raw\public_api\20260425T115542Z\pubchem_compound_4030_pugview.json,b85ccd2cfde79ade824a3d538a86c3f5bfb8774ec509886c4b1c6b44395f067c,20260425T115542Z
20260425T115542Z,pubchem,pubchem_compound_6305_pugview,https://pubchem.ncbi.nlm.nih.gov/rest/pug_view/data/compound/6305/JSON,ok,data\raw\public_api\20260425T115542Z\pubchem_compound_6305_pugview.json,970ad6f7daec5fb9456cfe0d69058cedcdbedfdd8aca2099575215700c7414df,20260425T115542Z
20260425T115542Z,pubchem,pubchem_compound_43264_pugview,https://pubchem.ncbi.nlm.nih.gov/rest/pug_view/data/compound/43264/JSON,ok,data\raw\public_api\20260425T115542Z\pubchem_compound_43264_pugview.json,c78213976c569ff11efd1a61e1f2e275bebab82a00f5c0af8b759e8a47b875b7,20260425T115542Z
20260425T115542Z,pubchem,pubchem_compound_99957_pugview,https://pubchem.ncbi.nlm.nih.gov/rest/pug_view/data/compound/99957/JSON,ok,data\raw\public_api\20260425T115542Z\pubchem_compound_99957_pugview.json,5c7ccec67c3b7c3511fa061476ed0f90f24216d2c66eecf3bb5010ff32fcdfc6,20260425T115542Z
20260425T115542Z,pubchem,pubchem_compound_104850_pugview,https://pubchem.ncbi.nlm.nih.gov/rest/pug_view/data/compound/104850/JSON,ok,data\raw\public_api\20260425T115542Z\pubchem_compound_104850_pugview.json,a90beced903a287d72b5f7da43545fdf3367a2d26c6021b5d0fd4788667328e6,20260425T115542Z
20260425T115542Z,pubchem,pubchem_compound_148123_pugview,https://pubchem.ncbi.nlm.nih.gov/rest/pug_view/data/compound/148123/JSON,ok,data\raw\public_api\20260425T115542Z\pubchem_compound_148123_pugview.json,e28c4049243dac562c73eaf1b93ea8007298c4d5a672a75822ac8f73159eba88,20260425T115542Z
20260425T115542Z,pubchem,pubchem_compound_104865_pugview,https://pubchem.ncbi.nlm.nih.gov/rest/pug_view/data/compound/104865/JSON,ok,data\raw\public_api\20260425T115542Z\pubchem_compound_104865_pugview.json,e3dd0948ce51e9fe740a5c4bdc877653bb6d6ae0ebf6a6091c1afed59ca5809b,20260425T115542Z
20260425T115542Z,pubchem,pubchem_compound_184492_pugview,https://pubchem.ncbi.nlm.nih.gov/rest/pug_view/data/compound/184492/JSON,ok,data\raw\public_api\20260425T115542Z\pubchem_compound_184492_pugview.json,b4e7886811c5be92578f6911c1b4b1520229dcc5ff774602df0e77a41c4e3be0,20260425T115542Z
20260425T115542Z,pubchem,pubchem_compound_220401_pugview,https://pubchem.ncbi.nlm.nih.gov/rest/pug_view/data/compound/220401/JSON,ok,data\raw\public_api\20260425T115542Z\pubchem_compound_220401_pugview.json,e5439eedaab55918206d34e4abf63d13139c44f7df7e578b9f3c89828df9e466,20260425T115542Z
20260425T115542Z,pubchem,pubchem_compound_148124_pugview,https://pubchem.ncbi.nlm.nih.gov/rest/pug_view/data/compound/148124/JSON,ok,data\raw\public_api\20260425T115542Z\pubchem_compound_148124_pugview.json,4e4bd11360f07cb734c1f63f68fa3c18c9f495e0247577b42aea86f9bae42c89,20260425T115542Z
20260425T115542Z,pubchem,pubchem_compound_126941_pugview,https://pubchem.ncbi.nlm.nih.gov/rest/pug_view/data/compound/126941/JSON,ok,data\raw\public_api\20260425T115542Z\pubchem_compound_126941_pugview.json,b2c63a8d0fb9a8ce48dcbb5404c2ce43491537435d78625067220df0814d12ce,20260425T115542Z
20260425T115542Z,pubchem,pubchem_compound_233481_pugview,https://pubchem.ncbi.nlm.nih.gov/rest/pug_view/data/compound/233481/JSON,ok,data\raw\public_api\20260425T115542Z\pubchem_compound_233481_pugview.json,dd45a9dd4c8385009923396ce509753d3030c0ede7f76a6668b0ecc0b57ae564,20260425T115542Z
20260425T115542Z,pubchem,pubchem_compound_10607_pugview,https://pubchem.ncbi.nlm.nih.gov/rest/pug_view/data/compound/10607/JSON,ok,data\raw\public_api\20260425T115542Z\pubchem_compound_10607_pugview.json,bae7fcca9eb5284d04da1151e7b41f60015b1bb0a4185c36530f2743e378d037,20260425T115542Z
20260425T115542Z,pubchem,pubchem_compound_241902_pugview,https://pubchem.ncbi.nlm.nih.gov/rest/pug_view/data/compound/241902/JSON,ok,data\raw\public_api\20260425T115542Z\pubchem_compound_241902_pugview.json,4c9caacf744133f28c93228ada3849350e7cac1ca5d9458123d9b1cd027ae053,20260425T115542Z
20260425T115542Z,pubchem,pubchem_compound_247034_pugview,https://pubchem.ncbi.nlm.nih.gov/rest/pug_view/data/compound/247034/JSON,ok,data\raw\public_api\20260425T115542Z\pubchem_compound_247034_pugview.json,9592c7abb93a62452b430ff8af5eaf0e52bc78562af80ce5f9e1eb24f1835721,20260425T115542Z
20260425T115542Z,pubchem,pubchem_compound_28780_pugview,https://pubchem.ncbi.nlm.nih.gov/rest/pug_view/data/compound/28780/JSON,ok,data\raw\public_api\20260425T115542Z\pubchem_compound_28780_pugview.json,d0d4a4c37f54705906abb8d90b209b73f57e725e4ca3238a517a6b965fd1b067,20260425T115542Z
20260425T115542Z,pubchem,pubchem_compound_29393_pugview,https://pubchem.ncbi.nlm.nih.gov/rest/pug_view/data/compound/29393/JSON,ok,data\raw\public_api\20260425T115542Z\pubchem_compound_29393_pugview.json,2bc049b080c1521746b3ed0d522e26b1391d1966b55954d9c8412169d643c7bd,20260425T115542Z
20260425T115542Z,pubchem,pubchem_compound_241903_pugview,https://pubchem.ncbi.nlm.nih.gov/rest/pug_view/data/compound/241903/JSON,ok,data\raw\public_api\20260425T115542Z\pubchem_compound_241903_pugview.json,5df1f940422869b581d37aa77c0638620243ff748ad8bfd21486594f86b2fd34,20260425T115542Z
20260425T115542Z,pubchem,pubchem_compound_32248_pugview,https://pubchem.ncbi.nlm.nih.gov/rest/pug_view/data/compound/32248/JSON,ok,data\raw\public_api\20260425T115542Z\pubchem_compound_32248_pugview.json,f7a89b7f7823ec8c4b62205dcbf801fec56e908315fcc161a847cf40a23f51a7,20260425T115542Z
20260425T115542Z,pubchem,pubchem_compound_13342_pugview,https://pubchem.ncbi.nlm.nih.gov/rest/pug_view/data/compound/13342/JSON,ok,data\raw\public_api\20260425T115542Z\pubchem_compound_13342_pugview.json,13fea124e66a3a4864b9a27976eddc14ad074467ba7cffbb542d18285551ce24,20260425T115542Z
20260425T115542Z,pubchem,pubchem_compound_429017_pugview,https://pubchem.ncbi.nlm.nih.gov/rest/pug_view/data/compound/429017/JSON,ok,data\raw\public_api\20260425T115542Z\pubchem_compound_429017_pugview.json,484dedd6b1c7a29c12079ebd76fbc7aa7ecf6a20010f4ed4dfab88ce69ddd599,20260425T115542Z
20260425T115542Z,pubchem,pubchem_compound_2082_pugview,https://pubchem.ncbi.nlm.nih.gov/rest/pug_view/data/compound/2082/JSON,ok,data\raw\public_api\20260425T115542Z\pubchem_compound_2082_pugview.json,feb16bc59a3358641f691423878fca5d3617ca27779fab9b6cbd1185c69fe976,20260425T115542Z
20260425T115542Z,pubchem,pubchem_compound_444695_pugview,https://pubchem.ncbi.nlm.nih.gov/rest/pug_view/data/compound/444695/JSON,ok,data\raw\public_api\20260425T115542Z\pubchem_compound_444695_pugview.json,edbcc32cd9e59aea978c1b48622b54928592327eab4a2d53f7373ab0624c3ae6,20260425T115542Z
20260425T115542Z,pubchem,pubchem_compound_443593_pugview,https://pubchem.ncbi.nlm.nih.gov/rest/pug_view/data/compound/443593/JSON,ok,data\raw\public_api\20260425T115542Z\pubchem_compound_443593_pugview.json,b8e41356fcfcf6051f43bd77abe55841449115af330c5112d61cc68197e86f3a,20260425T115542Z
20260425T115542Z,pubchem,pubchem_compound_447865_pugview,https://pubchem.ncbi.nlm.nih.gov/rest/pug_view/data/compound/447865/JSON,ok,data\raw\public_api\20260425T115542Z\pubchem_compound_447865_pugview.json,32968ab80fa82c530d815c12a0d6a4451ef0f5220c79a49f681f68823b0e94ab,20260425T115542Z
20260425T115542Z,pubchem,pubchem_compound_457813_pugview,https://pubchem.ncbi.nlm.nih.gov/rest/pug_view/data/compound/457813/JSON,ok,data\raw\public_api\20260425T115542Z\pubchem_compound_457813_pugview.json,021bfd66f658e294b0bb650d69b552f461a868b3a5534f869d70f1121a6d43ea,20260425T115542Z
20260425T115542Z,pubchem,pubchem_compound_448799_pugview,https://pubchem.ncbi.nlm.nih.gov/rest/pug_view/data/compound/448799/JSON,ok,data\raw\public_api\20260425T115542Z\pubchem_compound_448799_pugview.json,1506b3a0fe780b64907b8374c1344afdd4a8992e782c7f634d0438ca808cba56,20260425T115542Z
20260425T115542Z,pubchem,pubchem_compound_448013_pugview,https://pubchem.ncbi.nlm.nih.gov/rest/pug_view/data/compound/448013/JSON,ok,data\raw\public_api\20260425T115542Z\pubchem_compound_448013_pugview.json,c6e4cab4913773bb36efcb33fe51e9e2c6f52b06fdef2f9c0479c11120692816,20260425T115542Z
20260425T115542Z,pubchem,pubchem_compound_852489_pugview,https://pubchem.ncbi.nlm.nih.gov/rest/pug_view/data/compound/852489/JSON,ok,data\raw\public_api\20260425T115542Z\pubchem_compound_852489_pugview.json,15710378bd0cd136a9fdc246aa3ff2140bbd5dbc1c9fc1777a2d69083c446acf,20260425T115542Z
20260425T115542Z,pubchem,pubchem_compound_2874761_pugview,https://pubchem.ncbi.nlm.nih.gov/rest/pug_view/data/compound/2874761/JSON,ok,data\raw\public_api\20260425T115542Z\pubchem_compound_2874761_pugview.json,9a392c946d3156275d9d4a06b5134b582cf3240fba3194619d962d622c878a04,20260425T115542Z
20260425T115542Z,pubchem,pubchem_compound_547450_pugview,https://pubchem.ncbi.nlm.nih.gov/rest/pug_view/data/compound/547450/JSON,ok,data\raw\public_api\20260425T115542Z\pubchem_compound_547450_pugview.json,fc22a3936e16c8fafa14370250d4d1e08572c4b9f979a42c9b294b8f6de16689,20260425T115542Z
20260425T115542Z,pubchem,pubchem_compound_4232041_pugview,https://pubchem.ncbi.nlm.nih.gov/rest/pug_view/data/compound/4232041/JSON,ok,data\raw\public_api\20260425T115542Z\pubchem_compound_4232041_pugview.json,50db7ae56f57a2998a6759ffe4415b7f2ad12d4ac82b032d41e54d573f1794b4,20260425T115542Z
20260425T115542Z,pubchem,pubchem_compound_5281828_pugview,https://pubchem.ncbi.nlm.nih.gov/rest/pug_view/data/compound/5281828/JSON,ok,data\raw\public_api\20260425T115542Z\pubchem_compound_5281828_pugview.json,d5384e11d2db686f4e12f009c492793ac8e53984b8bb3807947c7ded21209d53,20260425T115542Z
20260425T115542Z,pubchem,pubchem_compound_5281862_pugview,https://pubchem.ncbi.nlm.nih.gov/rest/pug_view/data/compound/5281862/JSON,ok,data\raw\public_api\20260425T115542Z\pubchem_compound_5281862_pugview.json,070d2bde4d751dbdbee56cdca8678555e181735957b7f40ee4a3aa550ef392b2,20260425T115542Z
20260425T115542Z,pubchem,pubchem_compound_5281829_pugview,https://pubchem.ncbi.nlm.nih.gov/rest/pug_view/data/compound/5281829/JSON,ok,data\raw\public_api\20260425T115542Z\pubchem_compound_5281829_pugview.json,5e1879bed900715f2bbf790b26d4ab7e212a17e5461bf8521565a9345a80eec9,20260425T115542Z
20260425T115542Z,pubchem,pubchem_compound_5352092_pugview,https://pubchem.ncbi.nlm.nih.gov/rest/pug_view/data/compound/5352092/JSON,ok,data\raw\public_api\20260425T115542Z\pubchem_compound_5352092_pugview.json,1af1d6cc99624dae2a0176d124acd7af6bbddfce0ca7bf61894454b591870d4c,20260425T115542Z
20260425T115542Z,pubchem,pubchem_compound_335929_pugview,https://pubchem.ncbi.nlm.nih.gov/rest/pug_view/data/compound/335929/JSON,ok,data\raw\public_api\20260425T115542Z\pubchem_compound_335929_pugview.json,2d43cd1cc4616447c3275ef69ae4286908c19da81921bf4b9d60165b40b62c9e,20260425T115542Z
20260425T115542Z,pubchem,pubchem_compound_429016_pugview,https://pubchem.ncbi.nlm.nih.gov/rest/pug_view/data/compound/429016/JSON,ok,data\raw\public_api\20260425T115542Z\pubchem_compound_429016_pugview.json,5838ccc3d8c6e3a9c726f6c413871d6250dcb68bf887a6bf1cafc01daa0545a4,20260425T115542Z
20260425T115542Z,pubchem,pubchem_compound_5352103_pugview,https://pubchem.ncbi.nlm.nih.gov/rest/pug_view/data/compound/5352103/JSON,ok,data\raw\public_api\20260425T115542Z\pubchem_compound_5352103_pugview.json,9d99053ecd18fdcfea1c1785d5d9a797ab46c0c169562345d6c6ef5a1fabcbc1,20260425T115542Z
20260425T115542Z,pubchem,pubchem_compound_5353889_pugview,https://pubchem.ncbi.nlm.nih.gov/rest/pug_view/data/compound/5353889/JSON,ok,data\raw\public_api\20260425T115542Z\pubchem_compound_5353889_pugview.json,0bd324e121f1fe022396e7efa5ef583121361c4e8ece7d3a63c9e13011afba14,20260425T115542Z
20260425T115542Z,pubchem,pubchem_compound_5311497_pugview,https://pubchem.ncbi.nlm.nih.gov/rest/pug_view/data/compound/5311497/JSON,ok,data\raw\public_api\20260425T115542Z\pubchem_compound_5311497_pugview.json,c0687c31620f7cdc9ac9100898743039ce295147e62bdadf49bd2c46560626d1,20260425T115542Z
20260425T115542Z,pubchem,pubchem_compound_5353431_pugview,https://pubchem.ncbi.nlm.nih.gov/rest/pug_view/data/compound/5353431/JSON,ok,data\raw\public_api\20260425T115542Z\pubchem_compound_5353431_pugview.json,8763348d5ff0c004b63930ad517717a8b5d915d6225b84e29a7f1979e26d530a,20260425T115542Z
20260425T115542Z,pubchem,pubchem_compound_657289_pugview,https://pubchem.ncbi.nlm.nih.gov/rest/pug_view/data/compound/657289/JSON,ok,data\raw\public_api\20260425T115542Z\pubchem_compound_657289_pugview.json,5b5ae28c7e27e2a9b53e94d96dc3a6f667eb0a12915ad81968868c88de63b90c,20260425T115542Z
20260425T115542Z,pubchem,pubchem_compound_5354063_pugview,https://pubchem.ncbi.nlm.nih.gov/rest/pug_view/data/compound/5354063/JSON,ok,data\raw\public_api\20260425T115542Z\pubchem_compound_5354063_pugview.json,cada8d32fe3d6700db858f57508ab918a9df90d6e52fd54517c8f65d8deac92e,20260425T115542Z
20260425T115542Z,pubchem,pubchem_compound_5365290_pugview,https://pubchem.ncbi.nlm.nih.gov/rest/pug_view/data/compound/5365290/JSON,ok,data\raw\public_api\20260425T115542Z\pubchem_compound_5365290_pugview.json,783488b33f681f2c41b7494e3a8dbddf245158b42dbe906261af824bd98b9c54,20260425T115542Z
20260425T115542Z,pubchem,pubchem_compound_5388983_pugview,https://pubchem.ncbi.nlm.nih.gov/rest/pug_view/data/compound/5388983/JSON,ok,data\raw\public_api\20260425T115542Z\pubchem_compound_5388983_pugview.json,ae6e013741adce1375f9021c30698eb889982874e5a1cc9ee2b00a79be5e5db6,20260425T115542Z
20260425T115542Z,pubchem,pubchem_compound_5388993_pugview,https://pubchem.ncbi.nlm.nih.gov/rest/pug_view/data/compound/5388993/JSON,ok,data\raw\public_api\20260425T115542Z\pubchem_compound_5388993_pugview.json,ca173cf4e49a77f2135719397b38365b04ca81980559a609d7cdf406a6b19c8d,20260425T115542Z
20260425T115542Z,pubchem,pubchem_compound_5468287_pugview,https://pubchem.ncbi.nlm.nih.gov/rest/pug_view/data/compound/5468287/JSON,ok,data\raw\public_api\20260425T115542Z\pubchem_compound_5468287_pugview.json,b1e48988e0b1741385bc7fb11c5c40cebd648a98c528fc6796845877e9313ef3,20260425T115542Z
20260425T115542Z,pubchem,pubchem_compound_3000319_pugview,https://pubchem.ncbi.nlm.nih.gov/rest/pug_view/data/compound/3000319/JSON,ok,data\raw\public_api\20260425T115542Z\pubchem_compound_3000319_pugview.json,85bd7341a64e36fc61638cc8bac343bcc2c4acbc14a5ec1abf91c7dfd12ec45a,20260425T115542Z
20260425T115542Z,pubchem,pubchem_compound_5388992_pugview,https://pubchem.ncbi.nlm.nih.gov/rest/pug_view/data/compound/5388992/JSON,ok,data\raw\public_api\20260425T115542Z\pubchem_compound_5388992_pugview.json,96eb7dd8190db714140523d8965d4f57f2843eb21b1957b0e99b1de0a140a8db,20260425T115542Z
20260425T115542Z,pubchem,pubchem_compound_6324671_pugview,https://pubchem.ncbi.nlm.nih.gov/rest/pug_view/data/compound/6324671/JSON,ok,data\raw\public_api\20260425T115542Z\pubchem_compound_6324671_pugview.json,74d0de55f372c151d1dee566617121001af5adcfef454b7e633724cbf0eeb3ed,20260425T115542Z
20260425T115542Z,pubchem,pubchem_compound_6437358_pugview,https://pubchem.ncbi.nlm.nih.gov/rest/pug_view/data/compound/6437358/JSON,ok,data\raw\public_api\20260425T115542Z\pubchem_compound_6437358_pugview.json,445f138b54bda42b73c95338dc32d7cc621ba528d3cc1396117ad9344f574eb4,20260425T115542Z
20260425T115542Z,pubchem,pubchem_compound_6446789_pugview,https://pubchem.ncbi.nlm.nih.gov/rest/pug_view/data/compound/6446789/JSON,ok,data\raw\public_api\20260425T115542Z\pubchem_compound_6446789_pugview.json,b1d76126a22452e0481ab77ff1ab6e91dff222253049b815f7493d5713bf1759,20260425T115542Z
20260425T115542Z,pubchem,pubchem_compound_6438581_pugview,https://pubchem.ncbi.nlm.nih.gov/rest/pug_view/data/compound/6438581/JSON,ok,data\raw\public_api\20260425T115542Z\pubchem_compound_6438581_pugview.json,326ebdd5645890b405fcbf3474f318df141d26ec849547d8de7718e9e325b8c6,20260425T115542Z
20260425T115542Z,pubchem,pubchem_compound_6440397_pugview,https://pubchem.ncbi.nlm.nih.gov/rest/pug_view/data/compound/6440397/JSON,ok,data\raw\public_api\20260425T115542Z\pubchem_compound_6440397_pugview.json,9c882e76b3a78aeb9d5b8e3ee627bbac1430687e42b6c0059b0a46af23dd3f3d,20260425T115542Z
20260425T115542Z,pubchem,pubchem_compound_6477151_pugview,https://pubchem.ncbi.nlm.nih.gov/rest/pug_view/data/compound/6477151/JSON,ok,data\raw\public_api\20260425T115542Z\pubchem_compound_6477151_pugview.json,70012b1012efae0c0c95ba64b94d66f1483747df5b45166bc556317b8bdc45e2,20260425T115542Z
20260425T115542Z,pubchem,pubchem_compound_43116_pugview,https://pubchem.ncbi.nlm.nih.gov/rest/pug_view/data/compound/43116/JSON,ok,data\raw\public_api\20260425T115542Z\pubchem_compound_43116_pugview.json,7004e61d9cdc1a4717e6f3ec3145de3e149479128c117a99787b338e4f7fb847,20260425T115542Z
20260425T115542Z,pubchem,pubchem_compound_6675804_pugview,https://pubchem.ncbi.nlm.nih.gov/rest/pug_view/data/compound/6675804/JSON,ok,data\raw\public_api\20260425T115542Z\pubchem_compound_6675804_pugview.json,6489cd06ccee974571145becddfe6aabc4d775120d852da976b145238071ec9b,20260425T115542Z
20260425T115542Z,pubchem,pubchem_compound_40839_pugview,https://pubchem.ncbi.nlm.nih.gov/rest/pug_view/data/compound/40839/JSON,ok,data\raw\public_api\20260425T115542Z\pubchem_compound_40839_pugview.json,a5a975e1cfaaa5b7f84ff652fe5f928dee1a3044ea20db989777d775e58e7321,20260425T115542Z
20260425T115542Z,pubchem,pubchem_compound_36314_pugview,https://pubchem.ncbi.nlm.nih.gov/rest/pug_view/data/compound/36314/JSON,ok,data\raw\public_api\20260425T115542Z\pubchem_compound_36314_pugview.json,18bec4bd4872e57ffb5c3b8e596477ccbaa7735fe90fbf7ca52ddd3bd7af36d4,20260425T115542Z
20260425T115542Z,pubchem,pubchem_compound_7404291_pugview,https://pubchem.ncbi.nlm.nih.gov/rest/pug_view/data/compound/7404291/JSON,ok,data\raw\public_api\20260425T115542Z\pubchem_compound_7404291_pugview.json,82cbf054e1a0f9eb9a8630dd4aed1dd0736972234c1839c7fd48d3c1c3242e61,20260425T115542Z
20260425T115542Z,pubchem,pubchem_compound_9832825_pugview,https://pubchem.ncbi.nlm.nih.gov/rest/pug_view/data/compound/9832825/JSON,ok,data\raw\public_api\20260425T115542Z\pubchem_compound_9832825_pugview.json,33802eead0cfcc5b44766f774ed7d19c977f1388d815e1edae345191a5cf0487,20260425T115542Z
20260425T115542Z,pubchem,pubchem_compound_9843752_pugview,https://pubchem.ncbi.nlm.nih.gov/rest/pug_view/data/compound/9843752/JSON,ok,data\raw\public_api\20260425T115542Z\pubchem_compound_9843752_pugview.json,96fdb1d8e382817f590447a5d3ed6fee1db195a21c15abfd9fe9140784f2a724,20260425T115542Z
20260425T115542Z,pubchem,pubchem_compound_9810929_pugview,https://pubchem.ncbi.nlm.nih.gov/rest/pug_view/data/compound/9810929/JSON,ok,data\raw\public_api\20260425T115542Z\pubchem_compound_9810929_pugview.json,fc2e99d2e4b26514c9713cb586a96a2eba5f950c995d5e7691b51cb3a54c631d,20260425T115542Z
20260425T115542Z,pubchem,pubchem_compound_9854073_pugview,https://pubchem.ncbi.nlm.nih.gov/rest/pug_view/data/compound/9854073/JSON,ok,data\raw\public_api\20260425T115542Z\pubchem_compound_9854073_pugview.json,0960b26bd270cb5709db865cdf5b576dd6c4b04c5cc034dd5a84b06817915b96,20260425T115542Z
20260425T115542Z,pubchem,pubchem_compound_9949641_pugview,https://pubchem.ncbi.nlm.nih.gov/rest/pug_view/data/compound/9949641/JSON,ok,data\raw\public_api\20260425T115542Z\pubchem_compound_9949641_pugview.json,4b744e241efc7424ebe3c67f5c16f4770ae0a93bbf228e98b67002107121dd10,20260425T115542Z
20260425T115542Z,pubchem,pubchem_compound_10074128_pugview,https://pubchem.ncbi.nlm.nih.gov/rest/pug_view/data/compound/10074128/JSON,ok,data\raw\public_api\20260425T115542Z\pubchem_compound_10074128_pugview.json,48ecad60d3eb8f1bd73b45118cbc52ee9b4d67e024c10e84062137174e086557,20260425T115542Z
20260425T115542Z,pubchem,pubchem_compound_10079877_pugview,https://pubchem.ncbi.nlm.nih.gov/rest/pug_view/data/compound/10079877/JSON,ok,data\raw\public_api\20260425T115542Z\pubchem_compound_10079877_pugview.json,b253dcc7f7783fbc59c2d5837fc87e067e8a2191c0170983660a7e89fca600ac,20260425T115542Z
20260425T115542Z,pubchem,pubchem_compound_10321287_pugview,https://pubchem.ncbi.nlm.nih.gov/rest/pug_view/data/compound/10321287/JSON,ok,data\raw\public_api\20260425T115542Z\pubchem_compound_10321287_pugview.json,df1699124cc78d9af302734a5c88e274fd58c4c94cf52b3ce5c9e6e7bcd4437c,20260425T115542Z
20260425T115542Z,pubchem,pubchem_compound_10838895_pugview,https://pubchem.ncbi.nlm.nih.gov/rest/pug_view/data/compound/10838895/JSON,ok,data\raw\public_api\20260425T115542Z\pubchem_compound_10838895_pugview.json,827db9411a9cf2f7b68c460d05be6ffbafed69877711189be500ee3df7676514,20260425T115542Z
20260425T115542Z,pubchem,pubchem_compound_11343137_pugview,https://pubchem.ncbi.nlm.nih.gov/rest/pug_view/data/compound/11343137/JSON,ok,data\raw\public_api\20260425T115542Z\pubchem_compound_11343137_pugview.json,f3a60396484ebd2ae579dc82c3bf9e406cba9044334fc1c927c19d897fc4f310,20260425T115542Z
20260425T115542Z,pubchem,pubchem_compound_249332_pugview,https://pubchem.ncbi.nlm.nih.gov/rest/pug_view/data/compound/249332/JSON,ok,data\raw\public_api\20260425T115542Z\pubchem_compound_249332_pugview.json,e1d6240cba31232a3c155490fa3ae135c0505e8ac6b804ab5121b65b64d4785b,20260425T115542Z
20260425T115542Z,pubchem,pubchem_compound_11351021_pugview,https://pubchem.ncbi.nlm.nih.gov/rest/pug_view/data/compound/11351021/JSON,ok,data\raw\public_api\20260425T115542Z\pubchem_compound_11351021_pugview.json,80f0c321a3585f523c30e260349accfbba40f5f8b180f2e189a14b024c6e8545,20260425T115542Z
20260425T115542Z,pubchem,pubchem_compound_6710780_pugview,https://pubchem.ncbi.nlm.nih.gov/rest/pug_view/data/compound/6710780/JSON,ok,data\raw\public_api\20260425T115542Z\pubchem_compound_6710780_pugview.json,890c7973ef2f268d3642a4f413b280801eb1546e1057df6bf4f5f848412f653e,20260425T115542Z
20260425T115542Z,pubchem,pubchem_compound_6711270_pugview,https://pubchem.ncbi.nlm.nih.gov/rest/pug_view/data/compound/6711270/JSON,ok,data\raw\public_api\20260425T115542Z\pubchem_compound_6711270_pugview.json,f187ce1f5fab8c12b7dcdb5d42302c19a05fd077c7a18ae26a045df766fb003b,20260425T115542Z
20260425T115542Z,pubchem,pubchem_compound_2359994_pugview,https://pubchem.ncbi.nlm.nih.gov/rest/pug_view/data/compound/2359994/JSON,error,,,20260425T115542Z
20260425T115542Z,pubchem,pubchem_compound_6918290_pugview,https://pubchem.ncbi.nlm.nih.gov/rest/pug_view/data/compound/6918290/JSON,ok,data\raw\public_api\20260425T115542Z\pubchem_compound_6918290_pugview.json,54c0eedd2c8e432f1704402037d662f3278de34d0fa8ba007bd4c468ca903679,20260425T115542Z
20260425T115542Z,pubchem,pubchem_compound_11354606_pugview,https://pubchem.ncbi.nlm.nih.gov/rest/pug_view/data/compound/11354606/JSON,ok,data\raw\public_api\20260425T115542Z\pubchem_compound_11354606_pugview.json,ad475e44432c97a89a2db542f28988a8240189359cf242ec5b0720af1fdd95d9,20260425T115542Z
20260425T115542Z,pubchem,pubchem_compound_6918641_pugview,https://pubchem.ncbi.nlm.nih.gov/rest/pug_view/data/compound/6918641/JSON,ok,data\raw\public_api\20260425T115542Z\pubchem_compound_6918641_pugview.json,c702a4f5553ec30d87ccfb8a360e02402b5584072bc838dda6adb553202a2dcb,20260425T115542Z
20260425T115542Z,pubchem,pubchem_compound_11414799_pugview,https://pubchem.ncbi.nlm.nih.gov/rest/pug_view/data/compound/11414799/JSON,ok,data\raw\public_api\20260425T115542Z\pubchem_compound_11414799_pugview.json,f293a3c9800d7ab53b3e231118be015707c9801bfc79e600b336a9b1b6bf5982,20260425T115542Z
20260425T115542Z,pubchem,pubchem_compound_11609821_pugview,https://pubchem.ncbi.nlm.nih.gov/rest/pug_view/data/compound/11609821/JSON,ok,data\raw\public_api\20260425T115542Z\pubchem_compound_11609821_pugview.json,e0b2213a2f4a39598380b404f70f8fd6bca24cd5f2b4a566154ee8c2cec3777a,20260425T115542Z
20260425T115542Z,pubchem,pubchem_compound_3033830_pugview,https://pubchem.ncbi.nlm.nih.gov/rest/pug_view/data/compound/3033830/JSON,ok,data\raw\public_api\20260425T115542Z\pubchem_compound_3033830_pugview.json,d18f3f6654426d56e62e4bd950c520b21cc43df5d1fe11f96cf6824744a9e47d,20260425T115542Z
20260425T115542Z,pubchem,pubchem_compound_3717450_pugview,https://pubchem.ncbi.nlm.nih.gov/rest/pug_view/data/compound/3717450/JSON,ok,data\raw\public_api\20260425T115542Z\pubchem_compound_3717450_pugview.json,27facf94f2e524d536ef21ec02eafe5688d7201c33d51cd9ca77b55ab3340130,20260425T115542Z
20260425T115542Z,pubchem,pubchem_compound_11607738_pugview,https://pubchem.ncbi.nlm.nih.gov/rest/pug_view/data/compound/11607738/JSON,ok,data\raw\public_api\20260425T115542Z\pubchem_compound_11607738_pugview.json,eaa0ac496fcf6d6b2d4235e012d9e3bcc64b4c95f9e691d76b371819f90e3db6,20260425T115542Z
20260425T115542Z,pubchem,pubchem_compound_11972518_pugview,https://pubchem.ncbi.nlm.nih.gov/rest/pug_view/data/compound/11972518/JSON,ok,data\raw\public_api\20260425T115542Z\pubchem_compound_11972518_pugview.json,df0dc03cfbe076ae3d816178fab7d252e931c22282c6012465ce17d09c296fdc,20260425T115542Z
20260425T115542Z,pubchem,pubchem_compound_11643449_pugview,https://pubchem.ncbi.nlm.nih.gov/rest/pug_view/data/compound/11643449/JSON,ok,data\raw\public_api\20260425T115542Z\pubchem_compound_11643449_pugview.json,b1386197b72c0e2e745bb982de014c6a59ea86b8bcc5a20a2cef6f8983f713df,20260425T115542Z
20260425T115542Z,pubchem,pubchem_compound_15432611_pugview,https://pubchem.ncbi.nlm.nih.gov/rest/pug_view/data/compound/15432611/JSON,ok,data\raw\public_api\20260425T115542Z\pubchem_compound_15432611_pugview.json,8827f46598e79d353ab425dcf12f29ba85b97b5519201a9ba442aea227adb4d1,20260425T115542Z
20260425T115542Z,pubchem,pubchem_compound_11957714_pugview,https://pubchem.ncbi.nlm.nih.gov/rest/pug_view/data/compound/11957714/JSON,ok,data\raw\public_api\20260425T115542Z\pubchem_compound_11957714_pugview.json,8e9805f6b179afa90d691d80b73c9c11c500114f6ac1df36cf052ef1cf252eea,20260425T115542Z
20260425T115542Z,pubchem,pubchem_compound_13200033_pugview,https://pubchem.ncbi.nlm.nih.gov/rest/pug_view/data/compound/13200033/JSON,ok,data\raw\public_api\20260425T115542Z\pubchem_compound_13200033_pugview.json,49545b55e9ad9f7bc1b440c9d6b74001bb381c357fd024c53b7e9133d1c4d401,20260425T115542Z
20260425T115542Z,pubchem,pubchem_compound_15560162_pugview,https://pubchem.ncbi.nlm.nih.gov/rest/pug_view/data/compound/15560162/JSON,ok,data\raw\public_api\20260425T115542Z\pubchem_compound_15560162_pugview.json,ceba5b97460362ba0befff8a4fa5e288037aa388d796fa35a950f3f134c553ed,20260425T115542Z
20260425T115542Z,pubchem,pubchem_compound_21864436_pugview,https://pubchem.ncbi.nlm.nih.gov/rest/pug_view/data/compound/21864436/JSON,ok,data\raw\public_api\20260425T115542Z\pubchem_compound_21864436_pugview.json,491d60334e3e3625da3fa3574108b5a784a90319d29045e4e9e931e3e032bec6,20260425T115542Z
20260425T115542Z,pubchem,pubchem_compound_23643564_pugview,https://pubchem.ncbi.nlm.nih.gov/rest/pug_view/data/compound/23643564/JSON,ok,data\raw\public_api\20260425T115542Z\pubchem_compound_23643564_pugview.json,d19b32a7bf8df7b063ffd7071b6b045938bb6bd6a5feb59d2c1cfd42eca710f2,20260425T115542Z
20260425T115542Z,pubchem,pubchem_compound_24749353_pugview,https://pubchem.ncbi.nlm.nih.gov/rest/pug_view/data/compound/24749353/JSON,ok,data\raw\public_api\20260425T115542Z\pubchem_compound_24749353_pugview.json,b28ac18cd8e6a032bb5e77e7c0bb5e9475178c63f16b5333a30cc4a356b1e67e,20260425T115542Z
20260425T115542Z,pubchem,pubchem_compound_24721032_pugview,https://pubchem.ncbi.nlm.nih.gov/rest/pug_view/data/compound/24721032/JSON,ok,data\raw\public_api\20260425T115542Z\pubchem_compound_24721032_pugview.json,861d6a52e5b75c55978ede2582822e219d9c0546d74419b52e2d90f972ca8ca3,20260425T115542Z
20260425T115542Z,pubchem,pubchem_compound_45073403_pugview,https://pubchem.ncbi.nlm.nih.gov/rest/pug_view/data/compound/45073403/JSON,ok,data\raw\public_api\20260425T115542Z\pubchem_compound_45073403_pugview.json,d2b03516e503e6e23d24b6d7c1a00568d40345bf3c0afc15e24fe36d998d8aea,20260425T115542Z
20260425T115542Z,pubchem,pubchem_compound_44417235_pugview,https://pubchem.ncbi.nlm.nih.gov/rest/pug_view/data/compound/44417235/JSON,ok,data\raw\public_api\20260425T115542Z\pubchem_compound_44417235_pugview.json,ddf63356976f447b37d1db92e26dcc3b00d3563a96c2f9511c39bebd7adeade1,20260425T115542Z
20260425T115542Z,pubchem,pubchem_compound_45055483_pugview,https://pubchem.ncbi.nlm.nih.gov/rest/pug_view/data/compound/45055483/JSON,ok,data\raw\public_api\20260425T115542Z\pubchem_compound_45055483_pugview.json,a4df2ccb3fb5e3b915b09cb9edecd29e0d6514248d35be620502af42229c7fd7,20260425T115542Z
20260425T115542Z,pubchem,pubchem_compound_44408087_pugview,https://pubchem.ncbi.nlm.nih.gov/rest/pug_view/data/compound/44408087/JSON,ok,data\raw\public_api\20260425T115542Z\pubchem_compound_44408087_pugview.json,383f37c74f2e802a7ef9e26f484bd1851c1f82e46686cbc7922f2c63e758e59f,20260425T115542Z
20260425T115542Z,pubchem,pubchem_compound_5488895_pugview,https://pubchem.ncbi.nlm.nih.gov/rest/pug_view/data/compound/5488895/JSON,ok,data\raw\public_api\20260425T115542Z\pubchem_compound_5488895_pugview.json,394bac5e4b2cd1b000e0101db16c6a1d09e3c54b83381c303921891f9f7417d9,20260425T115542Z
20260425T115542Z,pubchem,pubchem_compound_5915307_pugview,https://pubchem.ncbi.nlm.nih.gov/rest/pug_view/data/compound/5915307/JSON,ok,data\raw\public_api\20260425T115542Z\pubchem_compound_5915307_pugview.json,7a359a094a43ca3b74dbaa297d2245d3d1d0789dd6ed9f511a3068b716ff28e8,20260425T115542Z
20260425T115542Z,pubchem,pubchem_compound_45356262_pugview,https://pubchem.ncbi.nlm.nih.gov/rest/pug_view/data/compound/45356262/JSON,ok,data\raw\public_api\20260425T115542Z\pubchem_compound_45356262_pugview.json,525f0fafccba49bb0a2d8515ee2738ae774bd423b33ba8d37ef61f8995b54c12,20260425T115542Z
20260425T115542Z,pubchem,pubchem_compound_45358014_pugview,https://pubchem.ncbi.nlm.nih.gov/rest/pug_view/data/compound/45358014/JSON,ok,data\raw\public_api\20260425T115542Z\pubchem_compound_45358014_pugview.json,e2aec9dffafcebe0308b578c8e6d8f5edfa22f799d9216f3ba599aaf7c71b818,20260425T115542Z
20260425T115542Z,pubchem,pubchem_compound_53262871_pugview,https://pubchem.ncbi.nlm.nih.gov/rest/pug_view/data/compound/53262871/JSON,ok,data\raw\public_api\20260425T115542Z\pubchem_compound_53262871_pugview.json,b5ea4835ebb2fb930d766e7707303ff9af14ecaaeea4fb1596442426910b0a34,20260425T115542Z
20260425T115542Z,pubchem,pubchem_compound_46926355_pugview,https://pubchem.ncbi.nlm.nih.gov/rest/pug_view/data/compound/46926355/JSON,ok,data\raw\public_api\20260425T115542Z\pubchem_compound_46926355_pugview.json,7324cefcde9c15ad42b2de9566857ec2b7403f5edca3b8035da750657d50fac8,20260425T115542Z
20260425T115542Z,pubchem,pubchem_compound_53262872_pugview,https://pubchem.ncbi.nlm.nih.gov/rest/pug_view/data/compound/53262872/JSON,ok,data\raw\public_api\20260425T115542Z\pubchem_compound_53262872_pugview.json,f3df30f35954d64a955de074ae5dcb0f3279fc2770ba552e802effc0f5ae6b9f,20260425T115542Z
20260425T115542Z,pubchem,pubchem_compound_15597809_pugview,https://pubchem.ncbi.nlm.nih.gov/rest/pug_view/data/compound/15597809/JSON,ok,data\raw\public_api\20260425T115542Z\pubchem_compound_15597809_pugview.json,a03a1ea93f39306a77a6a9060c2b8f2933a62d722d6ef6b9e5d965c158267b06,20260425T115542Z
20260425T115542Z,pubchem,pubchem_compound_16750137_pugview,https://pubchem.ncbi.nlm.nih.gov/rest/pug_view/data/compound/16750137/JSON,ok,data\raw\public_api\20260425T115542Z\pubchem_compound_16750137_pugview.json,8a1c42585dc469217dbca3d30e5af47a82db62536eb4b170db71645ff65a15ac,20260425T115542Z
20260425T115542Z,pubchem,pubchem_compound_16051941_pugview,https://pubchem.ncbi.nlm.nih.gov/rest/pug_view/data/compound/16051941/JSON,ok,data\raw\public_api\20260425T115542Z\pubchem_compound_16051941_pugview.json,478eae7439692cb68317048480451bf4e8da1a2325c54e002f4ee80e2c8d5ca7,20260425T115542Z
20260425T115542Z,pubchem,pubchem_compound_125432004_pugview,https://pubchem.ncbi.nlm.nih.gov/rest/pug_view/data/compound/125432004/JSON,ok,data\raw\public_api\20260425T115542Z\pubchem_compound_125432004_pugview.json,eee36523b904d52152882c2378d6a5463149c6e52893aa5c01bed45cf92a342a,20260425T115542Z
20260425T115542Z,pubchem,pubchem_compound_134868071_pugview,https://pubchem.ncbi.nlm.nih.gov/rest/pug_view/data/compound/134868071/JSON,ok,data\raw\public_api\20260425T115542Z\pubchem_compound_134868071_pugview.json,e6e9b2ba4d66f4967294641d4a3c40387dbf02123b644f6f746e29f9197940cd,20260425T115542Z
20260425T115542Z,pubchem,pubchem_compound_134131455_pugview,https://pubchem.ncbi.nlm.nih.gov/rest/pug_view/data/compound/134131455/JSON,ok,data\raw\public_api\20260425T115542Z\pubchem_compound_134131455_pugview.json,7a3f46c20c32507fcaf1094973c859b4f5546cce33ed35840dfc672270cf830d,20260425T115542Z
20260425T115542Z,pubchem,pubchem_compound_131974320_pugview,https://pubchem.ncbi.nlm.nih.gov/rest/pug_view/data/compound/131974320/JSON,ok,data\raw\public_api\20260425T115542Z\pubchem_compound_131974320_pugview.json,def920bec302a40ba7bff7e5bd061aa9b3a576dcdbab2ac37d0e71527eeb062b,20260425T115542Z
20260425T115542Z,pubchem,pubchem_compound_135417086_pugview,https://pubchem.ncbi.nlm.nih.gov/rest/pug_view/data/compound/135417086/JSON,ok,data\raw\public_api\20260425T115542Z\pubchem_compound_135417086_pugview.json,ec73a6ff13046323f7f810df255425318c8576d4e575291e8575f78b7194b020,20260425T115542Z
20260425T115542Z,pubchem,pubchem_compound_131953485_pugview,https://pubchem.ncbi.nlm.nih.gov/rest/pug_view/data/compound/131953485/JSON,ok,data\raw\public_api\20260425T115542Z\pubchem_compound_131953485_pugview.json,87f182f08ba3cc9331f83520af5d006e48a49707f46aaccc121ba8f96b93db9b,20260425T115542Z
20260425T115542Z,pubchem,pubchem_compound_137319628_pugview,https://pubchem.ncbi.nlm.nih.gov/rest/pug_view/data/compound/137319628/JSON,ok,data\raw\public_api\20260425T115542Z\pubchem_compound_137319628_pugview.json,11c42b209e40e75ae8e98a05533b7c9c984bc62f16bf33c32e750d61860a4308,20260425T115542Z
20260425T115542Z,pubchem,pubchem_compound_9962911_pugview,https://pubchem.ncbi.nlm.nih.gov/rest/pug_view/data/compound/9962911/JSON,error,,,20260425T115542Z
20260425T115542Z,pubchem,pubchem_compound_137645287_pugview,https://pubchem.ncbi.nlm.nih.gov/rest/pug_view/data/compound/137645287/JSON,ok,data\raw\public_api\20260425T115542Z\pubchem_compound_137645287_pugview.json,3a83eafc710668ddf143c53e9996945c7be38c19da35caf655f9d531dc48373e,20260425T115542Z
20260425T115542Z,pubchem,pubchem_compound_139703315_pugview,https://pubchem.ncbi.nlm.nih.gov/rest/pug_view/data/compound/139703315/JSON,ok,data\raw\public_api\20260425T115542Z\pubchem_compound_139703315_pugview.json,156585f57e89b24758918460421dd5a21cb5663a33b0515aad9af4045d87bea3,20260425T115542Z
20260425T115542Z,pubchem,pubchem_compound_146469200_pugview,https://pubchem.ncbi.nlm.nih.gov/rest/pug_view/data/compound/146469200/JSON,ok,data\raw\public_api\20260425T115542Z\pubchem_compound_146469200_pugview.json,17480935142142182db2e8d651ad6cab9055baa1b8f99d2f002c597585152298,20260425T115542Z
20260425T115542Z,pubchem,pubchem_compound_10125800_pugview,https://pubchem.ncbi.nlm.nih.gov/rest/pug_view/data/compound/10125800/JSON,ok,data\raw\public_api\20260425T115542Z\pubchem_compound_10125800_pugview.json,a85334f2bb06f56623b3bc619e07cca8148de33f560b397bd16285ee075df064,20260425T115542Z
20260425T115542Z,pubchem,pubchem_compound_155804415_pugview,https://pubchem.ncbi.nlm.nih.gov/rest/pug_view/data/compound/155804415/JSON,ok,data\raw\public_api\20260425T115542Z\pubchem_compound_155804415_pugview.json,c895eb45f7c086b77b5391af684cf0a059611687bd6cc57a0dca21ab768a64f7,20260425T115542Z
20260425T115542Z,pubchem,pubchem_compound_154632611_pugview,https://pubchem.ncbi.nlm.nih.gov/rest/pug_view/data/compound/154632611/JSON,ok,data\raw\public_api\20260425T115542Z\pubchem_compound_154632611_pugview.json,f1e502d327dc7a3d9adca4d30a98c97d07db883eff09487c3f9f00f526d21cff,20260425T115542Z
20260425T115542Z,pubchem,pubchem_compound_155812326_pugview,https://pubchem.ncbi.nlm.nih.gov/rest/pug_view/data/compound/155812326/JSON,ok,data\raw\public_api\20260425T115542Z\pubchem_compound_155812326_pugview.json,5a2f01b4d9509e8cdeeb5d488d3a10e64e5f725611eac613ff3ee16f63ea407a,20260425T115542Z
20260425T115542Z,pubchem,pubchem_compound_155810671_pugview,https://pubchem.ncbi.nlm.nih.gov/rest/pug_view/data/compound/155810671/JSON,ok,data\raw\public_api\20260425T115542Z\pubchem_compound_155810671_pugview.json,80f5c8c6d5fda2fb661ab6eb961a4aa450c6a1267c45e263d4c0e29e7f6817fe,20260425T115542Z
20260425T115542Z,pubchem,pubchem_compound_155813536_pugview,https://pubchem.ncbi.nlm.nih.gov/rest/pug_view/data/compound/155813536/JSON,ok,data\raw\public_api\20260425T115542Z\pubchem_compound_155813536_pugview.json,9007f1370677305649d1c634ab7e4dcfd99bb49eaca45254bafee8801ae5820c,20260425T115542Z
20260425T115542Z,pubchem,pubchem_compound_155816728_pugview,https://pubchem.ncbi.nlm.nih.gov/rest/pug_view/data/compound/155816728/JSON,ok,data\raw\public_api\20260425T115542Z\pubchem_compound_155816728_pugview.json,0bb6ab8b47e1ba9f083996ab7d0a10003f243f207309883ae9dfee2564508d01,20260425T115542Z
20260425T115542Z,pubchem,pubchem_compound_60148288_pugview,https://pubchem.ncbi.nlm.nih.gov/rest/pug_view/data/compound/60148288/JSON,ok,data\raw\public_api\20260425T115542Z\pubchem_compound_60148288_pugview.json,7c50072005e412cc32ae6a95d5a197af459cb39133c27b6996ce6115b935acb8,20260425T115542Z
20260425T115542Z,pubchem,pubchem_compound_53379371_pugview,https://pubchem.ncbi.nlm.nih.gov/rest/pug_view/data/compound/53379371/JSON,ok,data\raw\public_api\20260425T115542Z\pubchem_compound_53379371_pugview.json,d34ac7ea43b7853517c4d71a18de590b10a38edab489170ae3642b888dd388f7,20260425T115542Z
20260425T115542Z,pubchem,pubchem_compound_156019401_pugview,https://pubchem.ncbi.nlm.nih.gov/rest/pug_view/data/compound/156019401/JSON,ok,data\raw\public_api\20260425T115542Z\pubchem_compound_156019401_pugview.json,ad1983bc37df1676b67af9112f631ff457301ecd283c0f96d122a6c41c89cd83,20260425T115542Z
20260425T115542Z,pubchem,pubchem_compound_162624503_pugview,https://pubchem.ncbi.nlm.nih.gov/rest/pug_view/data/compound/162624503/JSON,ok,data\raw\public_api\20260425T115542Z\pubchem_compound_162624503_pugview.json,0088c94fe3bd7d42debf0fbad1c02cf0dc762d9400cd1ce9db1b0999b5c23013,20260425T115542Z
20260425T115542Z,pubchem,pubchem_compound_156696051_pugview,https://pubchem.ncbi.nlm.nih.gov/rest/pug_view/data/compound/156696051/JSON,ok,data\raw\public_api\20260425T115542Z\pubchem_compound_156696051_pugview.json,b32719feb357b1433bc6575ffd84f7720cc9737195efcb4586d52b599f910663,20260425T115542Z
20260425T115542Z,pubchem,pubchem_compound_162659980_pugview,https://pubchem.ncbi.nlm.nih.gov/rest/pug_view/data/compound/162659980/JSON,ok,data\raw\public_api\20260425T115542Z\pubchem_compound_162659980_pugview.json,c341ef7a93d587423a5a431e5302842918a336fdc5b08107680ddaf9d01657ce,20260425T115542Z
20260425T115542Z,pubchem,pubchem_compound_11545920_pugview,https://pubchem.ncbi.nlm.nih.gov/rest/pug_view/data/compound/11545920/JSON,ok,data\raw\public_api\20260425T115542Z\pubchem_compound_11545920_pugview.json,375f6f3937007645e500518182fe0f6e2c7866cfece482944e87d12d7fccb2e2,20260425T115542Z
20260425T115542Z,pubchem,pubchem_compound_11488110_pugview,https://pubchem.ncbi.nlm.nih.gov/rest/pug_view/data/compound/11488110/JSON,ok,data\raw\public_api\20260425T115542Z\pubchem_compound_11488110_pugview.json,a4a00f8896a5a42f87ed2fd1236d8dfa14d69343f2fdf6dbf004434b7a58d76d,20260425T115542Z
20260425T115542Z,pubchem,pubchem_compound_162665763_pugview,https://pubchem.ncbi.nlm.nih.gov/rest/pug_view/data/compound/162665763/JSON,ok,data\raw\public_api\20260425T115542Z\pubchem_compound_162665763_pugview.json,5f6b2f5e7ea42934c31c0afc621ef721ecdffea68bfd40cefae798fbee338f48,20260425T115542Z
20260425T115542Z,pubchem,pubchem_compound_162674242_pugview,https://pubchem.ncbi.nlm.nih.gov/rest/pug_view/data/compound/162674242/JSON,ok,data\raw\public_api\20260425T115542Z\pubchem_compound_162674242_pugview.json,4e584decf1bf9865f7fc781d957713eebb8dd72cae1dc237d1d5c6609fe3aa4b,20260425T115542Z
20260425T115542Z,pubchem,pubchem_compound_162668817_pugview,https://pubchem.ncbi.nlm.nih.gov/rest/pug_view/data/compound/162668817/JSON,ok,data\raw\public_api\20260425T115542Z\pubchem_compound_162668817_pugview.json,33129a08f3ab756d546c16cd2abba6788840eab0abd5ca57ccf8a66535efbbc8,20260425T115542Z
20260425T115542Z,pubchem,pubchem_compound_163322403_pugview,https://pubchem.ncbi.nlm.nih.gov/rest/pug_view/data/compound/163322403/JSON,ok,data\raw\public_api\20260425T115542Z\pubchem_compound_163322403_pugview.json,265a8b54682af014cc9a4f9973b50cd4c501a32a32aa983100fa8d9397129a42,20260425T115542Z
20260425T115542Z,pubchem,pubchem_compound_163408966_pugview,https://pubchem.ncbi.nlm.nih.gov/rest/pug_view/data/compound/163408966/JSON,ok,data\raw\public_api\20260425T115542Z\pubchem_compound_163408966_pugview.json,890e88a92d213a2c6acb561fd694d68d30a91ba2cee6070f9cf2c8dcfaa33938,20260425T115542Z
20260425T115542Z,pubchem,pubchem_compound_20055492_pugview,https://pubchem.ncbi.nlm.nih.gov/rest/pug_view/data/compound/20055492/JSON,ok,data\raw\public_api\20260425T115542Z\pubchem_compound_20055492_pugview.json,4641a791d0d69a3a2df8941b5cf9dc11d56b374e267266af7d2247528a99a6f3,20260425T115542Z
20260425T115542Z,pubchem,pubchem_compound_17756418_pugview,https://pubchem.ncbi.nlm.nih.gov/rest/pug_view/data/compound/17756418/JSON,ok,data\raw\public_api\20260425T115542Z\pubchem_compound_17756418_pugview.json,c2ee288f67aa4399ecdb8d78e1b962b97951fe7eb4f717a8d4167f66c54f4d62,20260425T115542Z
20260425T115542Z,pubchem,pubchem_compound_165177911_pugview,https://pubchem.ncbi.nlm.nih.gov/rest/pug_view/data/compound/165177911/JSON,ok,data\raw\public_api\20260425T115542Z\pubchem_compound_165177911_pugview.json,32590a7d70d923c105bc51fd5207c297b824bac0c486698fddef1e0f32c536db,20260425T115542Z
20260425T115542Z,pubchem,pubchem_compound_21584522_pugview,https://pubchem.ncbi.nlm.nih.gov/rest/pug_view/data/compound/21584522/JSON,ok,data\raw\public_api\20260425T115542Z\pubchem_compound_21584522_pugview.json,9ac2e6b9925afe3d9e3d476b9705d7f5fe86a109f4dab204a675cebad744604e,20260425T115542Z
20260425T115542Z,pubchem,pubchem_compound_165177913_pugview,https://pubchem.ncbi.nlm.nih.gov/rest/pug_view/data/compound/165177913/JSON,ok,data\raw\public_api\20260425T115542Z\pubchem_compound_165177913_pugview.json,cf9919a4efb5a6ee52135f7b726182d5b08658b704ea6bcb1de523e831fba5b7,20260425T115542Z
20260425T115542Z,pubchem,pubchem_compound_165412665_pugview,https://pubchem.ncbi.nlm.nih.gov/rest/pug_view/data/compound/165412665/JSON,ok,data\raw\public_api\20260425T115542Z\pubchem_compound_165412665_pugview.json,90f9c77f1c9d2bda2687875c30e499cf6439eecd4825cc3b7df34c34b0122c75,20260425T115542Z
20260425T115542Z,pubchem,pubchem_compound_156620384_pugview,https://pubchem.ncbi.nlm.nih.gov/rest/pug_view/data/compound/156620384/JSON,ok,data\raw\public_api\20260425T115542Z\pubchem_compound_156620384_pugview.json,e9eef47c096119814943de1f51f3b1ee2f8cafca9384c436829adb9c0287a986,20260425T115542Z
20260425T115542Z,pubchem,pubchem_compound_165413512_pugview,https://pubchem.ncbi.nlm.nih.gov/rest/pug_view/data/compound/165413512/JSON,ok,data\raw\public_api\20260425T115542Z\pubchem_compound_165413512_pugview.json,d37c32cd559d7b620164daab88896349af6ff8180b4a7c3b16892bbbbcb59920,20260425T115542Z
20260425T115542Z,pubchem,pubchem_compound_165412767_pugview,https://pubchem.ncbi.nlm.nih.gov/rest/pug_view/data/compound/165412767/JSON,ok,data\raw\public_api\20260425T115542Z\pubchem_compound_165412767_pugview.json,c5695b4017e65b0d8ac7b988e995cb1b5ad9a51807cdb2951c6eb0ccec78c689,20260425T115542Z
20260425T115542Z,pubchem,pubchem_compound_166177025_pugview,https://pubchem.ncbi.nlm.nih.gov/rest/pug_view/data/compound/166177025/JSON,ok,data\raw\public_api\20260425T115542Z\pubchem_compound_166177025_pugview.json,a6ce8b8e6350a3557f90148ce2cf95bf25fa7505421964b458940ae396f47a3a,20260425T115542Z
20260425T115542Z,pubchem,pubchem_compound_166177033_pugview,https://pubchem.ncbi.nlm.nih.gov/rest/pug_view/data/compound/166177033/JSON,ok,data\raw\public_api\20260425T115542Z\pubchem_compound_166177033_pugview.json,27a05a43d3d47fa61a3824927c7c53f9a88148f4a82860675fefbbf42305f4d6,20260425T115542Z
20260425T115542Z,pubchem,pubchem_compound_166176963_pugview,https://pubchem.ncbi.nlm.nih.gov/rest/pug_view/data/compound/166176963/JSON,ok,data\raw\public_api\20260425T115542Z\pubchem_compound_166176963_pugview.json,b21f4dd797111b4d404e64e65e58705908b95b63cd96f5c69b21516c0d5bab16,20260425T115542Z
20260425T115542Z,pubchem,pubchem_compound_166450626_pugview,https://pubchem.ncbi.nlm.nih.gov/rest/pug_view/data/compound/166450626/JSON,ok,data\raw\public_api\20260425T115542Z\pubchem_compound_166450626_pugview.json,3db7cd71e730a4376ee7e55f6a2676991f3c2ac24d875c6584e9bb447f1f31d6,20260425T115542Z
20260425T115542Z,pubchem,pubchem_compound_162716997_pugview,https://pubchem.ncbi.nlm.nih.gov/rest/pug_view/data/compound/162716997/JSON,ok,data\raw\public_api\20260425T115542Z\pubchem_compound_162716997_pugview.json,7233571cdf009a4ec7fd6e6dee48a76d6adfaf141f788f0076f3012e8a756419,20260425T115542Z
20260425T115542Z,pubchem,pubchem_compound_163408760_pugview,https://pubchem.ncbi.nlm.nih.gov/rest/pug_view/data/compound/163408760/JSON,ok,data\raw\public_api\20260425T115542Z\pubchem_compound_163408760_pugview.json,b730474cb6f468f642faa8a0a81920c9681098549be3700417a9d4ed5ec8f2b1,20260425T115542Z
20260425T115542Z,pubchem,pubchem_compound_166642397_pugview,https://pubchem.ncbi.nlm.nih.gov/rest/pug_view/data/compound/166642397/JSON,ok,data\raw\public_api\20260425T115542Z\pubchem_compound_166642397_pugview.json,ac235e18dbaea5786a374e8db2dc32082a0185d91c1c336da46c17ad6b578f6b,20260425T115542Z
20260425T115542Z,pubchem,pubchem_compound_163409072_pugview,https://pubchem.ncbi.nlm.nih.gov/rest/pug_view/data/compound/163409072/JSON,ok,data\raw\public_api\20260425T115542Z\pubchem_compound_163409072_pugview.json,49a283308ed76d0f02ed2362a21c67c355d559311d904c598b1a80317b2af68c,20260425T115542Z
20260425T115542Z,pubchem,pubchem_compound_163409085_pugview,https://pubchem.ncbi.nlm.nih.gov/rest/pug_view/data/compound/163409085/JSON,ok,data\raw\public_api\20260425T115542Z\pubchem_compound_163409085_pugview.json,1a3eba9d948176174f53233a743db054c8187c653b17fcd86c82b1ea9bd8d3e6,20260425T115542Z
20260425T115542Z,pubchem,pubchem_compound_163409053_pugview,https://pubchem.ncbi.nlm.nih.gov/rest/pug_view/data/compound/163409053/JSON,ok,data\raw\public_api\20260425T115542Z\pubchem_compound_163409053_pugview.json,4e5323b2a92519c8acd64b41ac231782ea44bc696ffb6fdf74cf624f38d297f9,20260425T115542Z
20260425T115542Z,pubchem,pubchem_compound_168475882_pugview,https://pubchem.ncbi.nlm.nih.gov/rest/pug_view/data/compound/168475882/JSON,ok,data\raw\public_api\20260425T115542Z\pubchem_compound_168475882_pugview.json,c02ceb060f701119d7879cc87f35c1c19867c9473d0cfeb9d6bef29884cf5b56,20260425T115542Z
20260425T115542Z,pubchem,pubchem_compound_168475950_pugview,https://pubchem.ncbi.nlm.nih.gov/rest/pug_view/data/compound/168475950/JSON,ok,data\raw\public_api\20260425T115542Z\pubchem_compound_168475950_pugview.json,af38bd9c009147b2f682959e9c299f25ed31e629263d6252669026fbdf1fb450,20260425T115542Z
20260425T115542Z,pubchem,pubchem_compound_168475901_pugview,https://pubchem.ncbi.nlm.nih.gov/rest/pug_view/data/compound/168475901/JSON,ok,data\raw\public_api\20260425T115542Z\pubchem_compound_168475901_pugview.json,7226d9e29d84d64d3141c16dd7833e3b35b06074e16fe7c8567ba11775f206c7,20260425T115542Z
20260425T115542Z,pubchem,pubchem_compound_168476054_pugview,https://pubchem.ncbi.nlm.nih.gov/rest/pug_view/data/compound/168476054/JSON,ok,data\raw\public_api\20260425T115542Z\pubchem_compound_168476054_pugview.json,74577c15e38c7c21c5c605405738ad239f1ab9a77114377b07ed46bc1f1552db,20260425T115542Z
20260425T115542Z,pubchem,pubchem_compound_66929931_pugview,https://pubchem.ncbi.nlm.nih.gov/rest/pug_view/data/compound/66929931/JSON,ok,data\raw\public_api\20260425T115542Z\pubchem_compound_66929931_pugview.json,416cf382068778deeb4b655003866ed78d8807dc7335cacada7fd4d3a5e3f340,20260425T115542Z
20260425T115542Z,pubchem,pubchem_compound_168476159_pugview,https://pubchem.ncbi.nlm.nih.gov/rest/pug_view/data/compound/168476159/JSON,ok,data\raw\public_api\20260425T115542Z\pubchem_compound_168476159_pugview.json,5bef44b6c067cf33fbf003405be14ab0164448200972813cd8a3ab6bf78bf0a6,20260425T115542Z
20260425T115542Z,pubchem,pubchem_compound_168510240_pugview,https://pubchem.ncbi.nlm.nih.gov/rest/pug_view/data/compound/168510240/JSON,ok,data\raw\public_api\20260425T115542Z\pubchem_compound_168510240_pugview.json,2fb0f621633508b27a99e6d7840f5c3f6971f9157fbfa588aca340e2fd2ffe0b,20260425T115542Z
20260425T115542Z,pubchem,pubchem_compound_168510236_pugview,https://pubchem.ncbi.nlm.nih.gov/rest/pug_view/data/compound/168510236/JSON,ok,data\raw\public_api\20260425T115542Z\pubchem_compound_168510236_pugview.json,a7e3b6878eb60f1c8df39d6ad73f4af1a9f2e5d2f56573c8cbc3f4ccb7ce78af,20260425T115542Z
20260425T115542Z,pubchem,pubchem_compound_168510334_pugview,https://pubchem.ncbi.nlm.nih.gov/rest/pug_view/data/compound/168510334/JSON,ok,data\raw\public_api\20260425T115542Z\pubchem_compound_168510334_pugview.json,2c7fcac071b818ca7bb307fc52324fc2dc7c672eace0e9c65228bb3642e65dcd,20260425T115542Z
20260425T115542Z,pubchem,pubchem_compound_168510481_pugview,https://pubchem.ncbi.nlm.nih.gov/rest/pug_view/data/compound/168510481/JSON,ok,data\raw\public_api\20260425T115542Z\pubchem_compound_168510481_pugview.json,f22e69916a3c5205929b79beba81b839026e27eedf1f205f707c2928693d272d,20260425T115542Z
20260425T115542Z,pubchem,pubchem_compound_139369407_pugview,https://pubchem.ncbi.nlm.nih.gov/rest/pug_view/data/compound/139369407/JSON,ok,data\raw\public_api\20260425T115542Z\pubchem_compound_139369407_pugview.json,7e05c4935aefdf3283b0aff631a67a55bd57e85162e0d4f7caad434f858fc58a,20260425T115542Z
20260425T115542Z,pubchem,pubchem_compound_169450095_pugview,https://pubchem.ncbi.nlm.nih.gov/rest/pug_view/data/compound/169450095/JSON,ok,data\raw\public_api\20260425T115542Z\pubchem_compound_169450095_pugview.json,041895c95cade8275a86bfc0aa20c28f0054dfb759c97559de72edbcea3623c6,20260425T115542Z
20260425T115542Z,pubchem,pubchem_compound_145985142_pugview,https://pubchem.ncbi.nlm.nih.gov/rest/pug_view/data/compound/145985142/JSON,ok,data\raw\public_api\20260425T115542Z\pubchem_compound_145985142_pugview.json,f0cf247f2b8b4b0baab9b723a6f26b77bc551f45032519aa63209c94ef568d82,20260425T115542Z
20260425T115542Z,pubchem,pubchem_compound_169450210_pugview,https://pubchem.ncbi.nlm.nih.gov/rest/pug_view/data/compound/169450210/JSON,ok,data\raw\public_api\20260425T115542Z\pubchem_compound_169450210_pugview.json,7ee220266327403afc1d349c019cda1f4aeea285711a97386c5851b27543b50b,20260425T115542Z
20260425T115542Z,pubchem,pubchem_compound_169450481_pugview,https://pubchem.ncbi.nlm.nih.gov/rest/pug_view/data/compound/169450481/JSON,ok,data\raw\public_api\20260425T115542Z\pubchem_compound_169450481_pugview.json,6143f932f62e181449001c233ecf961acfc5669ad66f553d15d9e61289a90ab4,20260425T115542Z
20260425T115542Z,pubchem,pubchem_compound_166642475_pugview,https://pubchem.ncbi.nlm.nih.gov/rest/pug_view/data/compound/166642475/JSON,ok,data\raw\public_api\20260425T115542Z\pubchem_compound_166642475_pugview.json,a5babfcc5108b37e2edabfb72a551c444cafa02e5178e18b8abb49bf2ef1877a,20260425T115542Z
20260425T115542Z,pubchem,pubchem_compound_169450802_pugview,https://pubchem.ncbi.nlm.nih.gov/rest/pug_view/data/compound/169450802/JSON,ok,data\raw\public_api\20260425T115542Z\pubchem_compound_169450802_pugview.json,e7c3f5be766228d3b3f9bbd3cb38b35a36991dd3874979ffa729807611c21cb7,20260425T115542Z
20260425T115542Z,pubchem,pubchem_compound_169450726_pugview,https://pubchem.ncbi.nlm.nih.gov/rest/pug_view/data/compound/169450726/JSON,ok,data\raw\public_api\20260425T115542Z\pubchem_compound_169450726_pugview.json,10eab6031771ac37f5bf38ed37c69dc6763fd08b45bd4227ea3743af13026fab,20260425T115542Z
20260425T115542Z,pubchem,pubchem_compound_169494241_pugview,https://pubchem.ncbi.nlm.nih.gov/rest/pug_view/data/compound/169494241/JSON,ok,data\raw\public_api\20260425T115542Z\pubchem_compound_169494241_pugview.json,ced854b29c0e36e68a264d7d77413a3791a6bb268f08797eed9327cf86e7029b,20260425T115542Z
20260425T115542Z,pubchem,pubchem_compound_168355527_pugview,https://pubchem.ncbi.nlm.nih.gov/rest/pug_view/data/compound/168355527/JSON,ok,data\raw\public_api\20260425T115542Z\pubchem_compound_168355527_pugview.json,70fe50e457491674890f5b398a8a8adc6a66e6e66922a84d401375873fd1d5ce,20260425T115542Z
20260425T115542Z,pubchem,pubchem_compound_170453172_pugview,https://pubchem.ncbi.nlm.nih.gov/rest/pug_view/data/compound/170453172/JSON,ok,data\raw\public_api\20260425T115542Z\pubchem_compound_170453172_pugview.json,8d1665ce5855f560d5643a24df6f696475efed25377bd6f1cd85c5e96b722a60,20260425T115542Z
20260425T115542Z,pubchem,pubchem_compound_170835989_pugview,https://pubchem.ncbi.nlm.nih.gov/rest/pug_view/data/compound/170835989/JSON,ok,data\raw\public_api\20260425T115542Z\pubchem_compound_170835989_pugview.json,2555da250b12a98b22556f7ce1ad6aa90c660fdf2046d2df7fcbdee662633f8f,20260425T115542Z
20260425T115542Z,pubchem,pubchem_compound_169494478_pugview,https://pubchem.ncbi.nlm.nih.gov/rest/pug_view/data/compound/169494478/JSON,ok,data\raw\public_api\20260425T115542Z\pubchem_compound_169494478_pugview.json,01bdee8c1995ef1cbee1ea045f281668c4408362b0f3ca752437d98e218e3a23,20260425T115542Z
20260425T115542Z,pubchem,pubchem_compound_170835998_pugview,https://pubchem.ncbi.nlm.nih.gov/rest/pug_view/data/compound/170835998/JSON,ok,data\raw\public_api\20260425T115542Z\pubchem_compound_170835998_pugview.json,dda47d6554fba13f36e3e1af232b340e4e2541a47f5ed09a2e60a07490700a8d,20260425T115542Z
20260425T115542Z,pubchem,pubchem_compound_170836007_pugview,https://pubchem.ncbi.nlm.nih.gov/rest/pug_view/data/compound/170836007/JSON,ok,data\raw\public_api\20260425T115542Z\pubchem_compound_170836007_pugview.json,234f3c0f4ecc5417357ffb352f7bcef877dbef050cc3661ac2fdd1fa7e6b7b8c,20260425T115542Z
20260425T115542Z,pubchem,pubchem_compound_168679661_pugview,https://pubchem.ncbi.nlm.nih.gov/rest/pug_view/data/compound/168679661/JSON,ok,data\raw\public_api\20260425T115542Z\pubchem_compound_168679661_pugview.json,dd74193fc20e0965eb957bfaae956d0fc4d38ac2c14b3435d589b3656bc3699a,20260425T115542Z
20260425T115542Z,pubchem,pubchem_compound_168510440_pugview,https://pubchem.ncbi.nlm.nih.gov/rest/pug_view/data/compound/168510440/JSON,ok,data\raw\public_api\20260425T115542Z\pubchem_compound_168510440_pugview.json,94a3721aea8ac240413d47a9e6e71c2cb6b2c6d2ef6c659407ed0ab8a000c7be,20260425T115542Z
20260425T115542Z,pubchem,pubchem_compound_168679749_pugview,https://pubchem.ncbi.nlm.nih.gov/rest/pug_view/data/compound/168679749/JSON,ok,data\raw\public_api\20260425T115542Z\pubchem_compound_168679749_pugview.json,704424e992fab7f65a345dfd11d88e8ea377cb5918d58a503f26d05ad62759ae,20260425T115542Z
20260425T115542Z,pubchem,pubchem_compound_168873437_pugview,https://pubchem.ncbi.nlm.nih.gov/rest/pug_view/data/compound/168873437/JSON,ok,data\raw\public_api\20260425T115542Z\pubchem_compound_168873437_pugview.json,05332023ef8753e89938a0cfc03b3e06646c61cfc51ad7ffa47782d86352a010,20260425T115542Z
20260425T115542Z,pubchem,pubchem_compound_169450094_pugview,https://pubchem.ncbi.nlm.nih.gov/rest/pug_view/data/compound/169450094/JSON,ok,data\raw\public_api\20260425T115542Z\pubchem_compound_169450094_pugview.json,10125d06dae851bd6781700ed03fa1412d1adf0860a3715a56c3ff9d5223a9f7,20260425T115542Z
20260425T115542Z,pubchem,pubchem_compound_171393604_pugview,https://pubchem.ncbi.nlm.nih.gov/rest/pug_view/data/compound/171393604/JSON,ok,data\raw\public_api\20260425T115542Z\pubchem_compound_171393604_pugview.json,f420feffff5a6a4ae21d2bf84ffbeb6e68bab36c75a51cf250d443b9e92b5582,20260425T115542Z
20260425T115542Z,pubchem,pubchem_compound_163409084_pugview,https://pubchem.ncbi.nlm.nih.gov/rest/pug_view/data/compound/163409084/JSON,ok,data\raw\public_api\20260425T115542Z\pubchem_compound_163409084_pugview.json,b490e1842579f485c284c156720637999c4822d603c3b67f35cf9ab9a4c8922f,20260425T115542Z
20260425T115542Z,pubchem,pubchem_compound_163409092_pugview,https://pubchem.ncbi.nlm.nih.gov/rest/pug_view/data/compound/163409092/JSON,ok,data\raw\public_api\20260425T115542Z\pubchem_compound_163409092_pugview.json,0b934fe78661c40879131d1c86514f46f9b6af051eceadf73620174b0454a225,20260425T115542Z
20260425T115542Z,pubchem,pubchem_compound_171713995_pugview,https://pubchem.ncbi.nlm.nih.gov/rest/pug_view/data/compound/171713995/JSON,ok,data\raw\public_api\20260425T115542Z\pubchem_compound_171713995_pugview.json,23e1730517ee1c78b681285688799fb8190f822716b1cda236f9ab03c531889c,20260425T115542Z
20260425T115542Z,pubchem,pubchem_compound_171714110_pugview,https://pubchem.ncbi.nlm.nih.gov/rest/pug_view/data/compound/171714110/JSON,ok,data\raw\public_api\20260425T115542Z\pubchem_compound_171714110_pugview.json,8bd0ebb57852e7e0d86cc0ec4e8e5ba14c4704642d9f745769b8c4ec3bb98990,20260425T115542Z
20260425T115542Z,pubchem,pubchem_compound_171714317_pugview,https://pubchem.ncbi.nlm.nih.gov/rest/pug_view/data/compound/171714317/JSON,ok,data\raw\public_api\20260425T115542Z\pubchem_compound_171714317_pugview.json,678ba22839c6f4923378ec902aa4c78db4d517cf1ca020d9d683bed526b4a61c,20260425T115542Z
20260425T115542Z,pubchem,pubchem_compound_172419027_pugview,https://pubchem.ncbi.nlm.nih.gov/rest/pug_view/data/compound/172419027/JSON,ok,data\raw\public_api\20260425T115542Z\pubchem_compound_172419027_pugview.json,388c0d66d1c67a365578c565f8067b95940a3a5882d33c1fb8b57b6da8d8eea7,20260425T115542Z
20260425T115542Z,pubchem,pubchem_compound_171475511_pugview,https://pubchem.ncbi.nlm.nih.gov/rest/pug_view/data/compound/171475511/JSON,ok,data\raw\public_api\20260425T115542Z\pubchem_compound_171475511_pugview.json,d21f2ed9acbea43d7d6104a868881a7ae5894c22b21fcf02ea1a019a02f01687,20260425T115542Z
20260425T115542Z,pubchem,pubchem_compound_170836205_pugview,https://pubchem.ncbi.nlm.nih.gov/rest/pug_view/data/compound/170836205/JSON,ok,data\raw\public_api\20260425T115542Z\pubchem_compound_170836205_pugview.json,add5d4a5bd1c85efb8267a6a16169014896abd8a56a7567d96607ec198bcb447,20260425T115542Z
20260425T115542Z,pubchem,pubchem_compound_172638531_pugview,https://pubchem.ncbi.nlm.nih.gov/rest/pug_view/data/compound/172638531/JSON,ok,data\raw\public_api\20260425T115542Z\pubchem_compound_172638531_pugview.json,62c3eee1749ad6e10028249d7166601e16b13d1b601e2364b8172253f22e5306,20260425T115542Z
20260425T115542Z,pubchem,pubchem_compound_172677024_pugview,https://pubchem.ncbi.nlm.nih.gov/rest/pug_view/data/compound/172677024/JSON,ok,data\raw\public_api\20260425T115542Z\pubchem_compound_172677024_pugview.json,75c76c2bd4910ba8d3cdb0e5169994344832e0c8a26f9b9490f03977f00dbe82,20260425T115542Z
20260425T115542Z,pubchem,pubchem_compound_172677108_pugview,https://pubchem.ncbi.nlm.nih.gov/rest/pug_view/data/compound/172677108/JSON,ok,data\raw\public_api\20260425T115542Z\pubchem_compound_172677108_pugview.json,68d99bd7970af76d6cc715105d93c6094e4c968a660378e839983651788c0d03,20260425T115542Z
20260425T115542Z,pubchem,pubchem_compound_172638543_pugview,https://pubchem.ncbi.nlm.nih.gov/rest/pug_view/data/compound/172638543/JSON,ok,data\raw\public_api\20260425T115542Z\pubchem_compound_172638543_pugview.json,f9a176724a9c7684dd8d903bdffb07df8b5242b89ba263c450ad0bbf81ecad7e,20260425T115542Z
20260425T115542Z,pubchem,pubchem_compound_172966232_pugview,https://pubchem.ncbi.nlm.nih.gov/rest/pug_view/data/compound/172966232/JSON,ok,data\raw\public_api\20260425T115542Z\pubchem_compound_172966232_pugview.json,cb7773b559602cb37521fadc5c2645e00e702da826c7dff752cbcdb2ad489890,20260425T115542Z
20260425T115542Z,pubchem,pubchem_compound_172966289_pugview,https://pubchem.ncbi.nlm.nih.gov/rest/pug_view/data/compound/172966289/JSON,ok,data\raw\public_api\20260425T115542Z\pubchem_compound_172966289_pugview.json,a79413446fc84c2481f983b37623914a7260702c37eaafc9fa90a750d7a6c01e,20260425T115542Z
20260425T115542Z,pubchem,pubchem_compound_177838642_pugview,https://pubchem.ncbi.nlm.nih.gov/rest/pug_view/data/compound/177838642/JSON,ok,data\raw\public_api\20260425T115542Z\pubchem_compound_177838642_pugview.json,bf4c9a5821601199a5ed41b36e4e03b6447671149565315e3676eb08da64cfe4,20260425T115542Z
20260425T115542Z,pubchem,pubchem_compound_165412768_pugview,https://pubchem.ncbi.nlm.nih.gov/rest/pug_view/data/compound/165412768/JSON,ok,data\raw\public_api\20260425T115542Z\pubchem_compound_165412768_pugview.json,aa58ec39fc20eb428f20cd8bc0a5ece7ff4b37c7b70e5cdf6c6a9a640df1ab17,20260425T115542Z
20260425T115542Z,pubchem,pubchem_compound_171038014_pugview,https://pubchem.ncbi.nlm.nih.gov/rest/pug_view/data/compound/171038014/JSON,ok,data\raw\public_api\20260425T115542Z\pubchem_compound_171038014_pugview.json,5022a3e0ebb566516aef473e93d50ed282299971293ce6e0b37ab79111544c63,20260425T115542Z
20260425T115542Z,pubchem,pubchem_compound_170836279_pugview,https://pubchem.ncbi.nlm.nih.gov/rest/pug_view/data/compound/170836279/JSON,ok,data\raw\public_api\20260425T115542Z\pubchem_compound_170836279_pugview.json,dfefbf16514a3ead37dd3260dc9ac01ba1d385c423cfaf565f645b54b3a0f951,20260425T115542Z
20260425T115542Z,pubchem,pubchem_compound_171346274_pugview,https://pubchem.ncbi.nlm.nih.gov/rest/pug_view/data/compound/171346274/JSON,ok,data\raw\public_api\20260425T115542Z\pubchem_compound_171346274_pugview.json,47743ef3574989e5c99067efbbc7b41aa97d1085c96e93f33e6e5bbd1a8e915e,20260425T115542Z
20260425T115542Z,pubchem,pubchem_compound_167312487_pugview,https://pubchem.ncbi.nlm.nih.gov/rest/pug_view/data/compound/167312487/JSON,ok,data\raw\public_api\20260425T115542Z\pubchem_compound_167312487_pugview.json,d7245fd27e6a509692b61b4b03e8d73a17e8040c842b071cd087711e3979c5f9,20260425T115542Z
20260425T115542Z,pubchem,pubchem_compound_169089875_pugview,https://pubchem.ncbi.nlm.nih.gov/rest/pug_view/data/compound/169089875/JSON,ok,data\raw\public_api\20260425T115542Z\pubchem_compound_169089875_pugview.json,56a40a7e185f9aa8ff95103ed5d4016c72a3bae7174faac5c2561c0318c95b5d,20260425T115542Z
20260425T115542Z,pubchem,pubchem_compound_171037358_pugview,https://pubchem.ncbi.nlm.nih.gov/rest/pug_view/data/compound/171037358/JSON,ok,data\raw\public_api\20260425T115542Z\pubchem_compound_171037358_pugview.json,bcf6d1de845611cb0cf8698fda95cbb98f89be1f6afcb7e98f9eb39fd72500d8,20260425T115542Z
20260425T115542Z,rcsb,rcsb_tubulin_core_entries,https://data.rcsb.org/rest/v1/core/entry/{entry_id},ok,data\raw\public_api\20260425T115542Z\rcsb_tubulin_core_entries.json,5173fe9db7cc51570c0ec5a73090ad4c91100feb4201494954ee65c673d9a389,20260425T115542Z
